IP,Method,Path,Query,User-Agent,Timestamp,Label
16.83.196.19,GET,/profile,admin' --,Opera/77.0.4054.254,2025-03-26 13:28:47.761446,1
18.97.160.158,GET,/search,name=JohnDoe,Opera/77.0.4054.254,2025-03-26 12:55:37.761446,0
211.132.7.98,GET,/login,' OR 'a' = 'a,Mozilla/5.0,2025-03-26 13:00:43.761446,1
37.88.251.199,GET,/profile,' OR 'a' = 'a,Chrome/92.0.4515.159,2025-03-26 12:52:37.761446,1
14.167.127.100,POST,/profile,admin' --,Opera/77.0.4054.254,2025-03-26 13:39:25.761446,1
126.84.65.12,GET,/profile,"' UNION SELECT null, null, null --",Chrome/92.0.4515.159,2025-03-26 12:56:42.761446,1
155.117.81.246,POST,/login,city=NewYork,Safari/537.36,2025-03-26 13:02:38.761446,0
6.108.86.114,GET,/search,search=apple,Mozilla/5.0,2025-03-26 13:32:54.761446,0
12.74.220.26,GET,/login,"' UNION SELECT null, null, null --",Chrome/92.0.4515.159,2025-03-26 13:26:33.761446,1
87.242.167.237,POST,/profile,'; DROP TABLE users; --,Opera/77.0.4054.254,2025-03-26 13:46:47.761446,1
5.197.138.212,GET,/login,name=JohnDoe,Opera/77.0.4054.254,2025-03-26 13:24:52.761446,0
157.188.49.1,POST,/profile,' OR 'a' = 'a,Mozilla/5.0,2025-03-26 13:26:01.761446,1
17.78.108.26,POST,/admin,name=JohnDoe,Chrome/92.0.4515.159,2025-03-26 13:38:07.761446,0
56.208.181.186,GET,/login,"' UNION SELECT null, null, null --",Opera/77.0.4054.254,2025-03-26 13:31:05.761446,1
93.93.84.169,POST,/search,' OR 1=1; --,Opera/77.0.4054.254,2025-03-26 13:41:16.761446,1
142.171.75.51,GET,/admin,' OR 1=1; --,Chrome/92.0.4515.159,2025-03-26 13:26:39.761446,1
3.139.113.6,GET,/login,' OR 1=1; --,Chrome/92.0.4515.159,2025-03-26 12:56:19.761446,1
164.7.186.131,POST,/admin,city=NewYork,Safari/537.36,2025-03-26 13:18:55.761446,0
124.108.82.114,GET,/admin,name=JohnDoe,Safari/537.36,2025-03-26 13:45:10.761446,0
150.231.49.119,POST,/admin,email=user@example.com,Opera/77.0.4054.254,2025-03-26 12:56:09.761446,0
68.155.101.177,GET,/search,"' UNION SELECT null, null, null --",Chrome/92.0.4515.159,2025-03-26 12:57:56.761446,1
66.230.129.105,POST,/admin,' OR 'a' = 'a,Safari/537.36,2025-03-26 13:07:19.761446,1
129.99.201.48,POST,/login,' OR 1=1; --,Chrome/92.0.4515.159,2025-03-26 13:15:59.761446,1
57.109.151.232,GET,/admin,name=JohnDoe,Chrome/92.0.4515.159,2025-03-26 12:57:00.761446,0
195.230.84.96,POST,/login,password=123456,Safari/537.36,2025-03-26 13:47:23.761446,0
107.169.171.169,GET,/admin,name=JohnDoe,Chrome/92.0.4515.159,2025-03-26 13:36:25.761446,0
67.55.137.213,POST,/admin,'; DROP TABLE users; --,Safari/537.36,2025-03-26 13:13:59.761446,1
29.158.65.139,GET,/search,username=admin,Safari/537.36,2025-03-26 13:39:33.761446,0
143.150.143.96,POST,/profile,city=NewYork,Opera/77.0.4054.254,2025-03-26 13:01:40.761446,0
160.24.102.100,POST,/profile,email=user@example.com,Safari/537.36,2025-03-26 13:24:40.761446,0
248.174.127.136,POST,/login,"' UNION SELECT null, null, null --",Chrome/92.0.4515.159,2025-03-26 13:21:16.761446,1
167.163.37.32,POST,/profile,'; DROP TABLE users; --,Opera/77.0.4054.254,2025-03-26 13:08:10.761446,1
220.123.14.18,POST,/profile,admin' --,Chrome/92.0.4515.159,2025-03-26 12:54:09.761446,1
106.115.34.218,POST,/login,name=JohnDoe,Opera/77.0.4054.254,2025-03-26 13:12:04.761446,0
91.120.215.52,GET,/search,1' OR '1' = '1,Mozilla/5.0,2025-03-26 13:13:46.761446,1
102.39.147.26,GET,/login,email=user@example.com,Chrome/92.0.4515.159,2025-03-26 12:58:50.761446,0
114.146.159.77,POST,/search,' OR 1=1; --,Mozilla/5.0,2025-03-26 13:21:58.761446,1
178.176.143.5,GET,/login,admin' --,Mozilla/5.0,2025-03-26 13:50:13.761446,1
70.2.177.26,POST,/login,1' OR '1' = '1,Mozilla/5.0,2025-03-26 13:39:10.761446,1
76.232.202.71,GET,/admin,admin' --,Opera/77.0.4054.254,2025-03-26 13:30:33.761446,1
97.213.7.131,GET,/profile,search=apple,Safari/537.36,2025-03-26 12:52:33.761446,0
46.236.173.228,POST,/profile,username=admin,Mozilla/5.0,2025-03-26 13:18:43.761446,0
51.50.69.187,POST,/login,email=user@example.com,Mozilla/5.0,2025-03-26 13:36:36.761446,0
165.110.243.159,GET,/search,search=apple,Opera/77.0.4054.254,2025-03-26 12:59:42.761446,0
16.239.122.85,POST,/profile,1' OR '1' = '1,Safari/537.36,2025-03-26 13:07:52.761446,1
195.28.241.132,GET,/search,admin' --,Opera/77.0.4054.254,2025-03-26 13:25:04.761446,1
189.188.155.148,POST,/search,search=apple,Opera/77.0.4054.254,2025-03-26 13:45:47.761446,0
150.113.130.194,POST,/login,email=user@example.com,Safari/537.36,2025-03-26 13:17:26.761446,0
183.152.219.243,GET,/admin,email=user@example.com,Mozilla/5.0,2025-03-26 13:01:37.761446,0
173.231.75.92,GET,/profile,"' UNION SELECT null, null, null --",Chrome/92.0.4515.159,2025-03-26 13:32:52.761446,1
35.164.229.179,POST,/login,username=admin,Chrome/92.0.4515.159,2025-03-26 13:28:47.761446,0
143.64.154.124,GET,/search,username=admin,Safari/537.36,2025-03-26 13:05:56.761446,0
147.35.255.207,POST,/search,password=123456,Chrome/92.0.4515.159,2025-03-26 13:03:31.761446,0
197.170.159.33,GET,/profile,city=NewYork,Safari/537.36,2025-03-26 12:55:06.761446,0
16.54.13.23,POST,/profile,1' OR '1' = '1,Safari/537.36,2025-03-26 13:47:02.761446,1
85.219.249.227,POST,/profile,username=admin,Safari/537.36,2025-03-26 12:53:26.761446,0
241.154.148.83,GET,/search,search=apple,Mozilla/5.0,2025-03-26 13:19:04.761446,0
226.30.155.20,GET,/login,' OR 1=1; --,Mozilla/5.0,2025-03-26 13:31:55.761446,1
5.86.4.176,POST,/search,' OR 1=1; --,Mozilla/5.0,2025-03-26 13:46:45.761446,1
43.211.166.161,POST,/login,username=admin,Mozilla/5.0,2025-03-26 13:43:20.761446,0
233.132.238.158,POST,/login,'; DROP TABLE users; --,Chrome/92.0.4515.159,2025-03-26 13:38:06.761446,1
7.14.49.164,POST,/login,password=123456,Opera/77.0.4054.254,2025-03-26 12:51:30.761446,0
111.149.105.168,POST,/profile,' OR 1=1; --,Chrome/92.0.4515.159,2025-03-26 13:17:58.761446,1
5.112.205.97,POST,/admin,' OR 'a' = 'a,Opera/77.0.4054.254,2025-03-26 13:16:45.761446,1
237.185.63.81,POST,/login,password=123456,Opera/77.0.4054.254,2025-03-26 13:38:12.761446,0
167.56.30.26,GET,/profile,' OR 'a' = 'a,Safari/537.36,2025-03-26 13:36:20.761446,1
197.168.126.190,POST,/search,email=user@example.com,Opera/77.0.4054.254,2025-03-26 13:40:33.761446,0
8.150.239.74,POST,/profile,city=NewYork,Chrome/92.0.4515.159,2025-03-26 13:26:17.761446,0
62.81.122.189,GET,/profile,email=user@example.com,Chrome/92.0.4515.159,2025-03-26 13:22:12.761446,0
106.239.197.126,GET,/login,' OR 1=1; --,Opera/77.0.4054.254,2025-03-26 13:05:33.761446,1
210.162.129.29,GET,/admin,' OR 1=1; --,Chrome/92.0.4515.159,2025-03-26 12:58:31.761446,1
165.216.152.99,GET,/admin,username=admin,Mozilla/5.0,2025-03-26 13:42:07.761446,0
50.118.211.159,POST,/search,admin' --,Chrome/92.0.4515.159,2025-03-26 13:28:20.761446,1
62.211.54.144,GET,/admin,'; DROP TABLE users; --,Safari/537.36,2025-03-26 13:11:05.761446,1
213.11.92.170,GET,/login,'; DROP TABLE users; --,Opera/77.0.4054.254,2025-03-26 13:11:02.761446,1
91.203.169.253,POST,/search,city=NewYork,Safari/537.36,2025-03-26 12:53:49.761446,0
156.109.31.169,POST,/admin,' OR 'a' = 'a,Safari/537.36,2025-03-26 12:54:16.761446,1
241.104.113.171,GET,/profile,password=123456,Safari/537.36,2025-03-26 13:40:36.761446,0
211.188.130.171,GET,/admin,' OR 'a' = 'a,Safari/537.36,2025-03-26 13:35:27.761446,1
174.186.2.248,POST,/search,password=123456,Safari/537.36,2025-03-26 13:49:34.761446,0
60.225.62.62,GET,/admin,name=JohnDoe,Opera/77.0.4054.254,2025-03-26 13:08:53.761446,0
109.82.246.133,POST,/admin,password=123456,Safari/537.36,2025-03-26 13:12:26.761446,0
5.199.175.159,GET,/admin,admin' --,Chrome/92.0.4515.159,2025-03-26 13:01:22.761446,1
227.133.29.36,GET,/profile,'; DROP TABLE users; --,Chrome/92.0.4515.159,2025-03-26 13:42:57.761446,1
215.184.229.35,GET,/profile,username=admin,Opera/77.0.4054.254,2025-03-26 13:13:14.761446,0
248.117.150.157,GET,/profile,email=user@example.com,Opera/77.0.4054.254,2025-03-26 13:07:07.761446,0
67.244.24.82,POST,/profile,1' OR '1' = '1,Mozilla/5.0,2025-03-26 13:05:58.761446,1
224.29.49.2,GET,/admin,admin' --,Chrome/92.0.4515.159,2025-03-26 13:35:38.761446,1
3.10.187.128,POST,/profile,"' UNION SELECT null, null, null --",Opera/77.0.4054.254,2025-03-26 13:30:18.761446,1
216.19.103.88,POST,/admin,' OR 'a' = 'a,Safari/537.36,2025-03-26 12:52:44.761446,1
40.197.47.244,GET,/login,password=123456,Safari/537.36,2025-03-26 13:05:20.761446,0
86.230.150.36,POST,/admin,' OR 'a' = 'a,Mozilla/5.0,2025-03-26 13:26:03.761446,1
219.0.6.166,GET,/admin,' OR 1=1; --,Opera/77.0.4054.254,2025-03-26 13:25:51.761446,1
182.21.91.35,POST,/admin,'; DROP TABLE users; --,Mozilla/5.0,2025-03-26 13:13:07.761446,1
249.246.84.239,GET,/profile,1' OR '1' = '1,Chrome/92.0.4515.159,2025-03-26 13:16:05.761446,1
87.148.232.149,GET,/admin,' OR 1=1; --,Opera/77.0.4054.254,2025-03-26 13:01:10.761446,1
121.39.21.217,POST,/profile,name=JohnDoe,Chrome/92.0.4515.159,2025-03-26 13:09:51.761446,0
138.66.1.55,GET,/profile,password=123456,Opera/77.0.4054.254,2025-03-26 12:59:12.761446,0
69.58.69.17,POST,/profile,' OR 'a' = 'a,Safari/537.36,2025-03-26 12:51:38.761446,1
197.239.205.254,GET,/login,name=JohnDoe,Chrome/92.0.4515.159,2025-03-26 13:02:21.761446,0
39.210.89.193,GET,/login,' OR 1=1; --,Mozilla/5.0,2025-03-26 12:57:45.761446,1
116.238.121.67,GET,/profile,'; DROP TABLE users; --,Chrome/92.0.4515.159,2025-03-26 12:55:42.761446,1
29.218.163.166,POST,/admin,search=apple,Chrome/92.0.4515.159,2025-03-26 12:50:51.761446,0
64.224.73.159,POST,/profile,city=NewYork,Chrome/92.0.4515.159,2025-03-26 12:52:14.761446,0
179.114.26.169,POST,/profile,' OR 1=1; --,Opera/77.0.4054.254,2025-03-26 13:09:32.761446,1
233.111.28.56,GET,/profile,name=JohnDoe,Opera/77.0.4054.254,2025-03-26 13:06:20.761446,0
4.205.232.131,GET,/search,' OR 'a' = 'a,Mozilla/5.0,2025-03-26 13:17:19.761446,1
50.141.254.107,POST,/login,1' OR '1' = '1,Mozilla/5.0,2025-03-26 13:35:18.761446,1
212.80.100.54,POST,/search,'; DROP TABLE users; --,Chrome/92.0.4515.159,2025-03-26 13:49:21.761446,1
120.233.91.106,POST,/search,username=admin,Mozilla/5.0,2025-03-26 13:23:56.761446,0
24.170.242.204,POST,/login,1' OR '1' = '1,Chrome/92.0.4515.159,2025-03-26 13:46:56.761446,1
74.78.85.193,POST,/admin,admin' --,Safari/537.36,2025-03-26 13:25:18.761446,1
40.166.89.192,POST,/search,' OR 1=1; --,Opera/77.0.4054.254,2025-03-26 13:49:50.761446,1
74.215.25.82,GET,/login,city=NewYork,Mozilla/5.0,2025-03-26 13:27:17.761446,0
99.91.171.217,POST,/search,username=admin,Chrome/92.0.4515.159,2025-03-26 13:33:04.761446,0
159.100.175.188,GET,/search,"' UNION SELECT null, null, null --",Opera/77.0.4054.254,2025-03-26 13:36:06.761446,1
93.182.101.247,GET,/login,city=NewYork,Mozilla/5.0,2025-03-26 13:46:33.761446,0
220.155.110.230,GET,/search,admin' --,Opera/77.0.4054.254,2025-03-26 13:12:50.761446,1
184.238.26.57,GET,/profile,city=NewYork,Mozilla/5.0,2025-03-26 12:56:41.761446,0
176.182.110.239,GET,/profile,city=NewYork,Mozilla/5.0,2025-03-26 13:48:41.761446,0
119.157.222.120,GET,/login,password=123456,Chrome/92.0.4515.159,2025-03-26 13:35:26.761446,0
139.117.241.92,POST,/login,' OR 1=1; --,Chrome/92.0.4515.159,2025-03-26 13:00:33.761446,1
80.173.87.42,GET,/profile,search=apple,Safari/537.36,2025-03-26 13:45:01.761446,0
169.136.131.132,GET,/login,password=123456,Safari/537.36,2025-03-26 13:26:42.761446,0
47.57.159.110,GET,/search,"' UNION SELECT null, null, null --",Opera/77.0.4054.254,2025-03-26 13:41:14.761446,1
56.91.24.92,POST,/profile,email=user@example.com,Opera/77.0.4054.254,2025-03-26 13:14:22.761446,0
25.104.217.132,POST,/login,name=JohnDoe,Safari/537.36,2025-03-26 12:56:21.761446,0
100.152.38.175,POST,/admin,' OR 1=1; --,Safari/537.36,2025-03-26 13:42:27.761446,1
40.29.194.180,POST,/profile,' OR 'a' = 'a,Chrome/92.0.4515.159,2025-03-26 13:39:10.761446,1
67.230.94.8,GET,/login,username=admin,Chrome/92.0.4515.159,2025-03-26 12:52:35.761446,0
156.119.104.227,POST,/search,email=user@example.com,Chrome/92.0.4515.159,2025-03-26 13:34:19.761446,0
186.84.111.135,GET,/admin,admin' --,Opera/77.0.4054.254,2025-03-26 12:53:15.761446,1
201.189.75.138,POST,/admin,email=user@example.com,Safari/537.36,2025-03-26 13:46:34.761446,0
255.133.192.2,GET,/search,password=123456,Chrome/92.0.4515.159,2025-03-26 13:21:45.761446,0
190.132.50.211,POST,/login,search=apple,Opera/77.0.4054.254,2025-03-26 13:44:06.761446,0
132.149.86.112,POST,/login,'; DROP TABLE users; --,Safari/537.36,2025-03-26 13:46:51.761446,1
240.244.50.8,GET,/admin,admin' --,Opera/77.0.4054.254,2025-03-26 13:40:23.761446,1
165.73.56.225,POST,/admin,admin' --,Opera/77.0.4054.254,2025-03-26 13:14:05.761446,1
191.254.63.42,POST,/admin,username=admin,Opera/77.0.4054.254,2025-03-26 13:01:39.761446,0
171.62.96.136,GET,/login,username=admin,Mozilla/5.0,2025-03-26 13:43:27.761446,0
228.120.9.65,POST,/profile,"' UNION SELECT null, null, null --",Safari/537.36,2025-03-26 13:36:54.761446,1
125.190.162.15,POST,/login,admin' --,Safari/537.36,2025-03-26 13:48:09.761446,1
94.238.57.82,POST,/login,username=admin,Mozilla/5.0,2025-03-26 12:55:06.761446,0
250.238.76.30,GET,/search,email=user@example.com,Chrome/92.0.4515.159,2025-03-26 13:46:42.761446,0
232.150.89.89,POST,/admin,' OR 1=1; --,Opera/77.0.4054.254,2025-03-26 13:21:40.761446,1
239.230.52.254,POST,/login,'; DROP TABLE users; --,Mozilla/5.0,2025-03-26 13:45:35.761446,1
206.69.132.208,GET,/admin,' OR 'a' = 'a,Opera/77.0.4054.254,2025-03-26 13:42:26.761446,1
215.184.53.173,POST,/admin,'; DROP TABLE users; --,Mozilla/5.0,2025-03-26 13:19:00.761446,1
58.155.10.182,POST,/search,1' OR '1' = '1,Safari/537.36,2025-03-26 13:37:49.761446,1
127.121.106.151,POST,/admin,password=123456,Chrome/92.0.4515.159,2025-03-26 13:01:12.761446,0
123.138.21.88,POST,/admin,search=apple,Opera/77.0.4054.254,2025-03-26 13:24:46.761446,0
68.72.5.232,GET,/profile,city=NewYork,Safari/537.36,2025-03-26 13:43:03.761446,0
252.74.241.227,GET,/login,' OR 1=1; --,Mozilla/5.0,2025-03-26 13:04:25.761446,1
174.48.205.252,POST,/search,password=123456,Safari/537.36,2025-03-26 12:54:04.761446,0
61.123.242.137,POST,/profile,' OR 'a' = 'a,Safari/537.36,2025-03-26 13:41:45.761446,1
97.80.93.190,POST,/search,' OR 'a' = 'a,Opera/77.0.4054.254,2025-03-26 13:50:11.761446,1
87.49.229.184,GET,/profile,city=NewYork,Safari/537.36,2025-03-26 13:08:08.761446,0
137.156.198.184,POST,/login,'; DROP TABLE users; --,Opera/77.0.4054.254,2025-03-26 12:51:32.761446,1
170.109.148.124,GET,/search,city=NewYork,Opera/77.0.4054.254,2025-03-26 13:41:32.761446,0
99.179.187.17,POST,/admin,"' UNION SELECT null, null, null --",Opera/77.0.4054.254,2025-03-26 13:38:43.761446,1
252.155.9.224,POST,/search,"' UNION SELECT null, null, null --",Opera/77.0.4054.254,2025-03-26 13:48:17.761446,1
233.123.136.69,POST,/search,username=admin,Mozilla/5.0,2025-03-26 13:22:25.761446,0
249.186.1.132,POST,/login,' OR 'a' = 'a,Mozilla/5.0,2025-03-26 13:20:01.761446,1
35.193.58.120,POST,/admin,email=user@example.com,Chrome/92.0.4515.159,2025-03-26 12:50:33.761446,0
139.218.177.135,POST,/login,"' UNION SELECT null, null, null --",Mozilla/5.0,2025-03-26 13:49:06.761446,1
216.246.151.248,POST,/admin,email=user@example.com,Safari/537.36,2025-03-26 13:42:20.761446,0
109.60.1.179,POST,/admin,email=user@example.com,Chrome/92.0.4515.159,2025-03-26 13:25:04.761446,0
254.50.235.97,GET,/profile,"' UNION SELECT null, null, null --",Opera/77.0.4054.254,2025-03-26 13:12:34.761446,1
6.231.23.243,POST,/login,username=admin,Opera/77.0.4054.254,2025-03-26 13:43:02.761446,0
232.85.210.246,GET,/profile,city=NewYork,Opera/77.0.4054.254,2025-03-26 13:01:46.761446,0
223.193.224.138,POST,/admin,"' UNION SELECT null, null, null --",Safari/537.36,2025-03-26 13:08:01.761446,1
61.46.123.71,GET,/login,1' OR '1' = '1,Chrome/92.0.4515.159,2025-03-26 13:06:02.761446,1
156.221.1.86,GET,/search,name=JohnDoe,Safari/537.36,2025-03-26 13:08:03.761446,0
246.167.213.212,GET,/profile,password=123456,Mozilla/5.0,2025-03-26 13:40:14.761446,0
57.55.161.165,GET,/login,' OR 1=1; --,Mozilla/5.0,2025-03-26 13:48:10.761446,1
245.35.227.181,POST,/admin,admin' --,Mozilla/5.0,2025-03-26 12:57:48.761446,1
219.46.155.177,POST,/admin,' OR 'a' = 'a,Chrome/92.0.4515.159,2025-03-26 12:54:13.761446,1
144.209.191.182,GET,/profile,search=apple,Safari/537.36,2025-03-26 13:36:22.761446,0
55.64.127.206,GET,/profile,1' OR '1' = '1,Mozilla/5.0,2025-03-26 13:00:42.761446,1
37.37.196.87,POST,/profile,search=apple,Opera/77.0.4054.254,2025-03-26 13:03:08.761446,0
64.224.165.180,POST,/admin,' OR 1=1; --,Safari/537.36,2025-03-26 13:34:22.761446,1
115.187.193.143,POST,/admin,1' OR '1' = '1,Safari/537.36,2025-03-26 13:06:45.761446,1
30.201.36.100,POST,/search,city=NewYork,Safari/537.36,2025-03-26 13:16:55.761446,0
133.218.140.115,POST,/profile,admin' --,Opera/77.0.4054.254,2025-03-26 13:41:53.761446,1
225.150.74.12,GET,/login,admin' --,Safari/537.36,2025-03-26 12:57:25.761446,1
157.111.230.114,GET,/search,admin' --,Mozilla/5.0,2025-03-26 13:50:25.761446,1
183.237.170.50,GET,/search,password=123456,Safari/537.36,2025-03-26 13:28:19.761446,0
240.175.130.127,GET,/login,password=123456,Opera/77.0.4054.254,2025-03-26 13:47:44.761446,0
152.94.84.85,POST,/profile,name=JohnDoe,Mozilla/5.0,2025-03-26 13:24:42.761446,0
15.55.69.170,POST,/profile,city=NewYork,Mozilla/5.0,2025-03-26 13:05:19.761446,0
12.116.144.209,POST,/admin,search=apple,Chrome/92.0.4515.159,2025-03-26 13:44:09.761446,0
115.153.60.154,GET,/search,1' OR '1' = '1,Opera/77.0.4054.254,2025-03-26 13:24:50.761446,1
170.217.177.56,GET,/profile,"' UNION SELECT null, null, null --",Chrome/92.0.4515.159,2025-03-26 13:25:52.761446,1
113.73.96.89,GET,/admin,"' UNION SELECT null, null, null --",Opera/77.0.4054.254,2025-03-26 13:28:41.761446,1
43.234.1.123,POST,/login,"' UNION SELECT null, null, null --",Opera/77.0.4054.254,2025-03-26 13:05:46.761446,1
145.65.203.79,GET,/search,city=NewYork,Chrome/92.0.4515.159,2025-03-26 13:12:33.761446,0
153.93.77.187,POST,/admin,' OR 1=1; --,Mozilla/5.0,2025-03-26 13:10:35.761446,1
123.230.79.169,GET,/admin,search=apple,Chrome/92.0.4515.159,2025-03-26 13:39:33.761446,0
152.224.116.254,POST,/login,email=user@example.com,Chrome/92.0.4515.159,2025-03-26 13:08:03.761446,0
12.191.131.13,POST,/login,password=123456,Chrome/92.0.4515.159,2025-03-26 13:39:38.761446,0
64.151.77.78,GET,/login,"' UNION SELECT null, null, null --",Safari/537.36,2025-03-26 13:28:03.761446,1
130.50.243.127,POST,/profile,city=NewYork,Safari/537.36,2025-03-26 12:58:41.761446,0
234.76.34.118,POST,/search,"' UNION SELECT null, null, null --",Mozilla/5.0,2025-03-26 13:38:11.761446,1
246.14.41.42,GET,/profile,"' UNION SELECT null, null, null --",Chrome/92.0.4515.159,2025-03-26 13:48:27.761446,1
227.195.136.247,POST,/search,password=123456,Opera/77.0.4054.254,2025-03-26 12:57:09.761446,0
168.220.31.123,GET,/profile,'; DROP TABLE users; --,Chrome/92.0.4515.159,2025-03-26 13:47:39.761446,1
11.108.187.255,POST,/profile,1' OR '1' = '1,Mozilla/5.0,2025-03-26 13:46:51.761446,1
67.154.168.239,POST,/search,city=NewYork,Opera/77.0.4054.254,2025-03-26 13:06:03.761446,0
94.241.149.184,POST,/admin,city=NewYork,Safari/537.36,2025-03-26 13:29:17.761446,0
134.232.246.140,POST,/login,name=JohnDoe,Opera/77.0.4054.254,2025-03-26 13:07:41.761446,0
122.61.232.38,POST,/profile,' OR 'a' = 'a,Opera/77.0.4054.254,2025-03-26 13:16:12.761446,1
41.93.2.39,POST,/profile,'; DROP TABLE users; --,Mozilla/5.0,2025-03-26 13:46:21.761446,1
118.249.116.191,GET,/profile,email=user@example.com,Mozilla/5.0,2025-03-26 13:48:59.761446,0
122.50.197.14,POST,/admin,search=apple,Chrome/92.0.4515.159,2025-03-26 13:01:42.761446,0
42.209.237.12,GET,/profile,' OR 1=1; --,Safari/537.36,2025-03-26 13:20:07.761446,1
122.251.22.65,POST,/search,name=JohnDoe,Opera/77.0.4054.254,2025-03-26 13:42:19.761446,0
127.95.245.219,POST,/admin,password=123456,Mozilla/5.0,2025-03-26 13:07:54.761446,0
170.5.197.65,GET,/login,email=user@example.com,Mozilla/5.0,2025-03-26 13:29:29.761446,0
84.73.212.115,GET,/search,"' UNION SELECT null, null, null --",Mozilla/5.0,2025-03-26 12:54:10.761446,1
237.72.253.229,POST,/login,search=apple,Safari/537.36,2025-03-26 13:04:11.761446,0
94.27.210.66,GET,/admin,search=apple,Opera/77.0.4054.254,2025-03-26 13:44:48.761446,0
125.73.54.214,POST,/login,username=admin,Chrome/92.0.4515.159,2025-03-26 13:27:32.761446,0
204.43.42.215,GET,/search,"' UNION SELECT null, null, null --",Opera/77.0.4054.254,2025-03-26 13:22:13.761446,1
55.88.58.185,GET,/admin,name=JohnDoe,Safari/537.36,2025-03-26 13:12:08.761446,0
20.79.172.150,POST,/login,' OR 1=1; --,Safari/537.36,2025-03-26 13:35:38.761446,1
135.11.19.232,GET,/profile,password=123456,Opera/77.0.4054.254,2025-03-26 13:32:01.761446,0
190.12.254.212,POST,/search,city=NewYork,Chrome/92.0.4515.159,2025-03-26 13:41:31.761446,0
11.94.72.209,GET,/search,admin' --,Opera/77.0.4054.254,2025-03-26 13:06:17.761446,1
30.223.182.13,POST,/admin,' OR 'a' = 'a,Mozilla/5.0,2025-03-26 13:21:16.761446,1
74.219.83.147,POST,/search,' OR 'a' = 'a,Chrome/92.0.4515.159,2025-03-26 13:37:23.761446,1
126.64.52.221,POST,/profile,username=admin,Opera/77.0.4054.254,2025-03-26 13:18:26.761446,0
99.123.104.222,POST,/admin,"' UNION SELECT null, null, null --",Opera/77.0.4054.254,2025-03-26 13:18:59.761446,1
60.108.249.118,POST,/profile,email=user@example.com,Safari/537.36,2025-03-26 13:33:50.761446,0
38.222.125.74,GET,/login,' OR 'a' = 'a,Safari/537.36,2025-03-26 13:42:19.761446,1
100.25.132.129,GET,/login,search=apple,Chrome/92.0.4515.159,2025-03-26 13:45:21.761446,0
254.188.83.68,GET,/profile,password=123456,Chrome/92.0.4515.159,2025-03-26 13:25:45.761446,0
79.201.41.26,POST,/profile,password=123456,Safari/537.36,2025-03-26 13:41:36.761446,0
118.153.97.60,POST,/admin,'; DROP TABLE users; --,Mozilla/5.0,2025-03-26 13:14:38.761446,1
36.178.117.77,POST,/profile,admin' --,Mozilla/5.0,2025-03-26 13:16:52.761446,1
28.55.101.47,POST,/profile,search=apple,Chrome/92.0.4515.159,2025-03-26 13:49:30.761446,0
78.8.34.189,POST,/login,admin' --,Safari/537.36,2025-03-26 13:14:00.761446,1
129.124.176.68,GET,/profile,"' UNION SELECT null, null, null --",Mozilla/5.0,2025-03-26 13:38:42.761446,1
197.207.82.152,GET,/login,' OR 1=1; --,Chrome/92.0.4515.159,2025-03-26 13:22:55.761446,1
172.69.160.221,POST,/admin,' OR 'a' = 'a,Chrome/92.0.4515.159,2025-03-26 13:06:38.761446,1
54.155.63.248,POST,/profile,username=admin,Chrome/92.0.4515.159,2025-03-26 13:14:55.761446,0
28.214.60.176,POST,/login,' OR 1=1; --,Chrome/92.0.4515.159,2025-03-26 13:12:15.761446,1
167.126.253.163,POST,/admin,"' UNION SELECT null, null, null --",Safari/537.36,2025-03-26 13:03:28.761446,1
178.62.131.43,POST,/login,'; DROP TABLE users; --,Opera/77.0.4054.254,2025-03-26 13:06:35.761446,1
58.185.234.172,POST,/profile,'; DROP TABLE users; --,Chrome/92.0.4515.159,2025-03-26 13:07:21.761446,1
4.219.46.41,POST,/login,username=admin,Mozilla/5.0,2025-03-26 13:05:41.761446,0
68.17.76.43,POST,/profile,' OR 'a' = 'a,Mozilla/5.0,2025-03-26 13:20:01.761446,1
179.36.167.57,GET,/search,username=admin,Opera/77.0.4054.254,2025-03-26 13:49:27.761446,0
218.220.205.129,GET,/profile,password=123456,Mozilla/5.0,2025-03-26 13:47:55.761446,0
57.170.149.203,POST,/profile,1' OR '1' = '1,Mozilla/5.0,2025-03-26 13:27:26.761446,1
94.112.248.192,POST,/admin,password=123456,Opera/77.0.4054.254,2025-03-26 13:09:12.761446,0
253.158.184.171,POST,/login,1' OR '1' = '1,Mozilla/5.0,2025-03-26 12:53:58.761446,1
172.141.247.141,POST,/search,'; DROP TABLE users; --,Safari/537.36,2025-03-26 13:45:21.761446,1
157.89.13.94,GET,/login,email=user@example.com,Opera/77.0.4054.254,2025-03-26 13:16:56.761446,0
38.214.57.3,GET,/admin,"' UNION SELECT null, null, null --",Chrome/92.0.4515.159,2025-03-26 13:18:52.761446,1
87.227.140.87,GET,/profile,admin' --,Mozilla/5.0,2025-03-26 13:06:01.761446,1
132.223.190.235,POST,/admin,city=NewYork,Safari/537.36,2025-03-26 13:16:03.761446,0
54.81.9.80,GET,/admin,1' OR '1' = '1,Opera/77.0.4054.254,2025-03-26 13:30:40.761446,1
108.217.20.63,POST,/admin,password=123456,Chrome/92.0.4515.159,2025-03-26 13:09:21.761446,0
109.247.60.26,GET,/login,search=apple,Mozilla/5.0,2025-03-26 13:32:59.761446,0
140.59.161.69,POST,/admin,name=JohnDoe,Opera/77.0.4054.254,2025-03-26 12:52:02.761446,0
105.214.6.64,GET,/admin,1' OR '1' = '1,Safari/537.36,2025-03-26 13:32:25.761446,1
106.161.22.255,POST,/search,' OR 1=1; --,Safari/537.36,2025-03-26 13:45:35.761446,1
82.54.227.64,POST,/search,' OR 'a' = 'a,Chrome/92.0.4515.159,2025-03-26 13:25:18.761446,1
35.12.75.178,GET,/admin,admin' --,Safari/537.36,2025-03-26 13:47:41.761446,1
79.128.130.78,POST,/search,email=user@example.com,Mozilla/5.0,2025-03-26 13:08:11.761446,0
31.30.11.243,POST,/admin,search=apple,Opera/77.0.4054.254,2025-03-26 12:53:24.761446,0
226.121.196.133,POST,/admin,username=admin,Mozilla/5.0,2025-03-26 12:55:33.761446,0
166.86.19.78,GET,/admin,city=NewYork,Opera/77.0.4054.254,2025-03-26 12:51:13.761446,0
251.174.126.213,POST,/login,city=NewYork,Chrome/92.0.4515.159,2025-03-26 13:02:08.761446,0
192.70.35.166,GET,/login,email=user@example.com,Opera/77.0.4054.254,2025-03-26 12:59:07.761446,0
36.46.246.112,POST,/profile,' OR 1=1; --,Opera/77.0.4054.254,2025-03-26 13:39:42.761446,1
196.251.134.132,GET,/admin,admin' --,Chrome/92.0.4515.159,2025-03-26 13:48:31.761446,1
56.244.55.233,POST,/admin,search=apple,Opera/77.0.4054.254,2025-03-26 13:05:26.761446,0
64.199.97.59,POST,/profile,1' OR '1' = '1,Mozilla/5.0,2025-03-26 13:17:44.761446,1
81.76.3.97,POST,/search,' OR 'a' = 'a,Mozilla/5.0,2025-03-26 13:43:34.761446,1
207.37.69.176,POST,/admin,search=apple,Opera/77.0.4054.254,2025-03-26 13:03:35.761446,0
43.186.184.217,POST,/profile,' OR 1=1; --,Safari/537.36,2025-03-26 12:50:59.761446,1
70.20.149.233,POST,/profile,search=apple,Opera/77.0.4054.254,2025-03-26 13:30:23.761446,0
37.240.17.190,POST,/admin,email=user@example.com,Chrome/92.0.4515.159,2025-03-26 13:08:15.761446,0
216.68.29.61,GET,/search,email=user@example.com,Mozilla/5.0,2025-03-26 13:03:15.761446,0
179.20.185.107,POST,/search,search=apple,Chrome/92.0.4515.159,2025-03-26 12:52:08.761446,0
176.171.194.62,GET,/search,' OR 'a' = 'a,Safari/537.36,2025-03-26 13:22:52.761446,1
90.212.162.233,GET,/profile,city=NewYork,Opera/77.0.4054.254,2025-03-26 13:13:32.761446,0
189.9.236.5,GET,/admin,name=JohnDoe,Safari/537.36,2025-03-26 12:56:33.761446,0
114.95.174.39,GET,/admin,' OR 'a' = 'a,Mozilla/5.0,2025-03-26 13:00:40.761446,1
143.171.90.162,POST,/login,"' UNION SELECT null, null, null --",Chrome/92.0.4515.159,2025-03-26 13:44:24.761446,1
221.214.21.133,GET,/search,'; DROP TABLE users; --,Mozilla/5.0,2025-03-26 13:07:02.761446,1
130.221.65.247,GET,/search,' OR 1=1; --,Opera/77.0.4054.254,2025-03-26 13:28:42.761446,1
220.32.118.85,POST,/login,'; DROP TABLE users; --,Opera/77.0.4054.254,2025-03-26 13:39:18.761446,1
254.51.92.158,GET,/search,' OR 1=1; --,Opera/77.0.4054.254,2025-03-26 13:12:07.761446,1
97.212.104.118,POST,/search,name=JohnDoe,Opera/77.0.4054.254,2025-03-26 13:49:00.761446,0
54.167.146.73,POST,/search,' OR 1=1; --,Chrome/92.0.4515.159,2025-03-26 13:38:37.761446,1
1.82.63.180,GET,/admin,email=user@example.com,Safari/537.36,2025-03-26 13:36:17.761446,0
143.220.249.250,POST,/login,"' UNION SELECT null, null, null --",Safari/537.36,2025-03-26 13:01:35.761446,1
131.255.247.153,POST,/search,' OR 1=1; --,Chrome/92.0.4515.159,2025-03-26 13:41:53.761446,1
10.217.213.199,POST,/admin,1' OR '1' = '1,Safari/537.36,2025-03-26 13:49:17.761446,1
246.112.42.131,GET,/profile,name=JohnDoe,Safari/537.36,2025-03-26 13:23:34.761446,0
222.98.186.67,GET,/login,username=admin,Opera/77.0.4054.254,2025-03-26 13:38:40.761446,0
6.101.224.146,GET,/search,' OR 'a' = 'a,Mozilla/5.0,2025-03-26 13:24:13.761446,1
75.177.211.207,POST,/login,search=apple,Mozilla/5.0,2025-03-26 13:37:29.761446,0
60.15.24.92,POST,/admin,'; DROP TABLE users; --,Chrome/92.0.4515.159,2025-03-26 13:45:53.761446,1
54.142.97.250,POST,/admin,email=user@example.com,Opera/77.0.4054.254,2025-03-26 13:38:27.761446,0
18.190.62.194,POST,/login,'; DROP TABLE users; --,Mozilla/5.0,2025-03-26 13:44:41.761446,1
29.247.199.136,GET,/login,search=apple,Opera/77.0.4054.254,2025-03-26 13:38:49.761446,0
224.175.71.3,POST,/login,search=apple,Opera/77.0.4054.254,2025-03-26 13:37:09.761446,0
201.162.116.153,GET,/search,name=JohnDoe,Safari/537.36,2025-03-26 13:17:42.761446,0
236.101.90.244,POST,/profile,name=JohnDoe,Opera/77.0.4054.254,2025-03-26 13:22:51.761446,0
119.46.196.35,POST,/login,' OR 'a' = 'a,Safari/537.36,2025-03-26 13:23:22.761446,1
57.135.225.86,GET,/login,admin' --,Mozilla/5.0,2025-03-26 13:26:33.761446,1
244.224.28.244,GET,/admin,"' UNION SELECT null, null, null --",Chrome/92.0.4515.159,2025-03-26 13:40:02.761446,1
17.201.117.229,GET,/admin,password=123456,Opera/77.0.4054.254,2025-03-26 13:31:03.761446,0
11.255.62.205,POST,/admin,username=admin,Opera/77.0.4054.254,2025-03-26 12:53:13.761446,0
127.67.200.147,POST,/login,' OR 1=1; --,Opera/77.0.4054.254,2025-03-26 13:41:33.761446,1
93.1.2.152,POST,/search,1' OR '1' = '1,Chrome/92.0.4515.159,2025-03-26 13:16:10.761446,1
175.18.178.170,GET,/login,search=apple,Mozilla/5.0,2025-03-26 13:28:53.761446,0
29.224.75.169,POST,/profile,' OR 1=1; --,Opera/77.0.4054.254,2025-03-26 13:47:16.761446,1
235.243.209.27,GET,/profile,name=JohnDoe,Mozilla/5.0,2025-03-26 13:34:28.761446,0
184.254.30.70,POST,/admin,city=NewYork,Mozilla/5.0,2025-03-26 12:56:22.761446,0
51.168.42.201,POST,/profile,admin' --,Chrome/92.0.4515.159,2025-03-26 13:22:14.761446,1
30.45.100.61,GET,/search,username=admin,Safari/537.36,2025-03-26 13:20:08.761446,0
149.196.58.220,POST,/search,search=apple,Opera/77.0.4054.254,2025-03-26 13:23:56.761446,0
193.203.23.30,GET,/profile,username=admin,Mozilla/5.0,2025-03-26 12:51:03.761446,0
17.229.90.249,GET,/login,city=NewYork,Opera/77.0.4054.254,2025-03-26 13:34:14.761446,0
187.111.116.144,GET,/admin,city=NewYork,Opera/77.0.4054.254,2025-03-26 13:47:17.761446,0
154.205.28.168,POST,/search,name=JohnDoe,Mozilla/5.0,2025-03-26 13:45:17.761446,0
165.7.37.14,GET,/login,password=123456,Opera/77.0.4054.254,2025-03-26 13:14:24.761446,0
82.249.207.131,GET,/admin,search=apple,Mozilla/5.0,2025-03-26 12:51:47.761446,0
89.46.70.124,GET,/admin,name=JohnDoe,Opera/77.0.4054.254,2025-03-26 12:53:43.761446,0
246.103.128.111,GET,/admin,"' UNION SELECT null, null, null --",Mozilla/5.0,2025-03-26 13:33:03.761446,1
151.122.172.26,POST,/login,search=apple,Chrome/92.0.4515.159,2025-03-26 13:21:03.761446,0
55.220.88.68,POST,/search,username=admin,Opera/77.0.4054.254,2025-03-26 13:09:17.761446,0
183.125.221.100,GET,/admin,' OR 'a' = 'a,Chrome/92.0.4515.159,2025-03-26 13:48:22.761446,1
159.241.149.222,POST,/search,name=JohnDoe,Safari/537.36,2025-03-26 12:54:32.761446,0
18.229.36.232,POST,/login,"' UNION SELECT null, null, null --",Opera/77.0.4054.254,2025-03-26 12:53:31.761446,1
97.183.119.161,POST,/login,"' UNION SELECT null, null, null --",Safari/537.36,2025-03-26 13:42:20.761446,1
173.206.160.77,POST,/search,email=user@example.com,Mozilla/5.0,2025-03-26 13:16:34.761446,0
222.188.191.207,POST,/profile,1' OR '1' = '1,Mozilla/5.0,2025-03-26 12:53:59.761446,1
49.65.220.12,POST,/login,search=apple,Mozilla/5.0,2025-03-26 13:46:15.761446,0
251.246.129.106,POST,/login,search=apple,Opera/77.0.4054.254,2025-03-26 13:27:51.761446,0
143.157.59.145,POST,/profile,email=user@example.com,Opera/77.0.4054.254,2025-03-26 13:25:09.761446,0
93.112.14.2,POST,/login,password=123456,Chrome/92.0.4515.159,2025-03-26 13:01:06.761446,0
229.0.117.112,POST,/login,email=user@example.com,Chrome/92.0.4515.159,2025-03-26 13:31:46.761446,0
245.108.0.58,GET,/search,' OR 1=1; --,Chrome/92.0.4515.159,2025-03-26 13:15:56.761446,1
48.49.144.179,GET,/search,' OR 1=1; --,Safari/537.36,2025-03-26 13:49:48.761446,1
120.143.188.98,POST,/search,email=user@example.com,Opera/77.0.4054.254,2025-03-26 13:13:42.761446,0
39.234.232.165,GET,/login,username=admin,Opera/77.0.4054.254,2025-03-26 13:36:16.761446,0
243.224.81.73,POST,/profile,"' UNION SELECT null, null, null --",Mozilla/5.0,2025-03-26 13:00:02.761446,1
183.44.231.193,POST,/search,admin' --,Mozilla/5.0,2025-03-26 13:17:05.761446,1
178.187.44.29,GET,/login,"' UNION SELECT null, null, null --",Safari/537.36,2025-03-26 13:20:43.761446,1
137.219.203.125,POST,/login,' OR 'a' = 'a,Safari/537.36,2025-03-26 12:57:38.761446,1
144.147.47.154,GET,/search,city=NewYork,Opera/77.0.4054.254,2025-03-26 13:11:35.761446,0
188.26.114.5,GET,/login,' OR 1=1; --,Safari/537.36,2025-03-26 13:42:32.761446,1
143.229.59.63,GET,/login,name=JohnDoe,Chrome/92.0.4515.159,2025-03-26 13:38:13.761446,0
5.58.42.177,POST,/profile,1' OR '1' = '1,Opera/77.0.4054.254,2025-03-26 12:52:46.761446,1
115.194.181.44,GET,/profile,city=NewYork,Safari/537.36,2025-03-26 13:11:40.761446,0
168.71.28.76,GET,/profile,city=NewYork,Chrome/92.0.4515.159,2025-03-26 13:15:58.761446,0
160.43.204.94,POST,/search,'; DROP TABLE users; --,Safari/537.36,2025-03-26 13:09:54.761446,1
49.105.224.190,POST,/profile,"' UNION SELECT null, null, null --",Mozilla/5.0,2025-03-26 13:06:15.761446,1
81.55.33.55,POST,/admin,"' UNION SELECT null, null, null --",Mozilla/5.0,2025-03-26 13:26:06.761446,1
25.9.35.238,GET,/search,email=user@example.com,Chrome/92.0.4515.159,2025-03-26 13:12:24.761446,0
77.230.43.126,GET,/search,"' UNION SELECT null, null, null --",Mozilla/5.0,2025-03-26 12:51:29.761446,1
195.153.242.102,POST,/login,search=apple,Mozilla/5.0,2025-03-26 13:07:14.761446,0
224.91.161.212,POST,/profile,"' UNION SELECT null, null, null --",Opera/77.0.4054.254,2025-03-26 13:15:56.761446,1
191.165.173.156,POST,/admin,1' OR '1' = '1,Mozilla/5.0,2025-03-26 13:41:45.761446,1
152.192.79.46,GET,/admin,name=JohnDoe,Safari/537.36,2025-03-26 13:43:03.761446,0
20.124.48.139,POST,/search,city=NewYork,Safari/537.36,2025-03-26 13:35:38.761446,0
142.4.64.224,POST,/admin,"' UNION SELECT null, null, null --",Mozilla/5.0,2025-03-26 13:42:29.761446,1
124.233.49.66,POST,/login,'; DROP TABLE users; --,Safari/537.36,2025-03-26 13:07:20.761446,1
140.227.142.36,POST,/admin,admin' --,Opera/77.0.4054.254,2025-03-26 13:09:43.761446,1
96.54.75.147,POST,/login,username=admin,Mozilla/5.0,2025-03-26 13:41:44.761446,0
193.161.134.248,GET,/admin,1' OR '1' = '1,Safari/537.36,2025-03-26 13:29:46.761446,1
219.211.5.190,GET,/login,1' OR '1' = '1,Opera/77.0.4054.254,2025-03-26 12:52:48.761446,1
143.28.183.113,GET,/search,1' OR '1' = '1,Safari/537.36,2025-03-26 13:28:09.761446,1
114.109.130.105,POST,/search,' OR 'a' = 'a,Safari/537.36,2025-03-26 13:08:05.761446,1
37.146.250.71,GET,/search,search=apple,Opera/77.0.4054.254,2025-03-26 13:35:42.761446,0
23.60.148.30,GET,/search,'; DROP TABLE users; --,Safari/537.36,2025-03-26 13:14:27.761446,1
40.240.173.228,POST,/search,username=admin,Opera/77.0.4054.254,2025-03-26 13:16:01.761446,0
146.29.91.78,GET,/profile,name=JohnDoe,Opera/77.0.4054.254,2025-03-26 13:41:56.761446,0
186.173.12.166,POST,/login,city=NewYork,Chrome/92.0.4515.159,2025-03-26 13:40:09.761446,0
152.121.19.195,POST,/search,' OR 'a' = 'a,Opera/77.0.4054.254,2025-03-26 13:35:42.761446,1
143.161.39.159,GET,/search,username=admin,Opera/77.0.4054.254,2025-03-26 12:55:45.761446,0
14.134.62.58,POST,/profile,' OR 'a' = 'a,Chrome/92.0.4515.159,2025-03-26 13:14:02.761446,1
60.228.135.217,GET,/admin,"' UNION SELECT null, null, null --",Opera/77.0.4054.254,2025-03-26 13:48:18.761446,1
181.147.241.37,POST,/profile,"' UNION SELECT null, null, null --",Chrome/92.0.4515.159,2025-03-26 13:44:41.761446,1
249.208.131.248,GET,/admin,"' UNION SELECT null, null, null --",Chrome/92.0.4515.159,2025-03-26 12:58:22.761446,1
129.93.133.165,GET,/profile,' OR 'a' = 'a,Chrome/92.0.4515.159,2025-03-26 13:41:18.761446,1
242.176.211.71,POST,/profile,city=NewYork,Chrome/92.0.4515.159,2025-03-26 13:50:24.761446,0
134.204.119.24,POST,/profile,' OR 'a' = 'a,Chrome/92.0.4515.159,2025-03-26 13:29:11.761446,1
156.71.209.34,GET,/profile,"' UNION SELECT null, null, null --",Safari/537.36,2025-03-26 13:40:02.761446,1
156.8.209.32,POST,/profile,' OR 1=1; --,Safari/537.36,2025-03-26 13:21:35.761446,1
165.25.150.128,GET,/profile,'; DROP TABLE users; --,Opera/77.0.4054.254,2025-03-26 13:06:36.761446,1
126.26.105.98,GET,/profile,"' UNION SELECT null, null, null --",Opera/77.0.4054.254,2025-03-26 13:00:46.761446,1
2.139.29.232,GET,/search,password=123456,Opera/77.0.4054.254,2025-03-26 13:07:17.761446,0
155.84.108.126,GET,/login,' OR 'a' = 'a,Safari/537.36,2025-03-26 13:18:11.761446,1
112.197.9.254,GET,/search,email=user@example.com,Chrome/92.0.4515.159,2025-03-26 12:56:07.761446,0
190.106.92.5,GET,/admin,username=admin,Chrome/92.0.4515.159,2025-03-26 13:43:13.761446,0
217.42.217.98,POST,/login,' OR 'a' = 'a,Opera/77.0.4054.254,2025-03-26 13:46:28.761446,1
22.72.184.17,POST,/admin,' OR 1=1; --,Opera/77.0.4054.254,2025-03-26 13:16:18.761446,1
49.92.13.241,GET,/admin,city=NewYork,Mozilla/5.0,2025-03-26 13:20:12.761446,0
226.114.103.9,POST,/profile,password=123456,Safari/537.36,2025-03-26 13:44:02.761446,0
101.63.35.25,GET,/profile,' OR 1=1; --,Safari/537.36,2025-03-26 13:47:50.761446,1
151.195.83.89,POST,/profile,email=user@example.com,Mozilla/5.0,2025-03-26 13:04:54.761446,0
146.37.202.167,POST,/profile,email=user@example.com,Safari/537.36,2025-03-26 12:51:11.761446,0
57.31.169.64,GET,/login,password=123456,Mozilla/5.0,2025-03-26 13:03:55.761446,0
206.186.116.145,GET,/search,1' OR '1' = '1,Opera/77.0.4054.254,2025-03-26 13:43:05.761446,1
204.176.31.136,GET,/admin,' OR 'a' = 'a,Chrome/92.0.4515.159,2025-03-26 13:12:23.761446,1
50.206.188.77,POST,/admin,password=123456,Safari/537.36,2025-03-26 13:30:10.761446,0
45.192.229.155,POST,/login,1' OR '1' = '1,Mozilla/5.0,2025-03-26 12:52:40.761446,1
233.43.93.234,POST,/login,"' UNION SELECT null, null, null --",Chrome/92.0.4515.159,2025-03-26 13:39:17.761446,1
245.200.98.128,POST,/profile,search=apple,Safari/537.36,2025-03-26 12:56:30.761446,0
95.5.223.28,GET,/admin,' OR 'a' = 'a,Safari/537.36,2025-03-26 13:01:48.761446,1
186.2.244.67,GET,/search,email=user@example.com,Safari/537.36,2025-03-26 13:21:02.761446,0
86.121.88.179,POST,/login,"' UNION SELECT null, null, null --",Chrome/92.0.4515.159,2025-03-26 12:52:12.761446,1
208.54.105.222,POST,/search,' OR 'a' = 'a,Mozilla/5.0,2025-03-26 13:02:36.761446,1
159.237.104.198,GET,/login,password=123456,Mozilla/5.0,2025-03-26 13:12:20.761446,0
196.229.215.168,POST,/admin,'; DROP TABLE users; --,Opera/77.0.4054.254,2025-03-26 13:39:24.761446,1
22.60.203.209,POST,/admin,password=123456,Safari/537.36,2025-03-26 13:34:18.761446,0
199.231.126.171,GET,/search,search=apple,Safari/537.36,2025-03-26 12:56:12.761446,0
238.39.76.77,GET,/admin,city=NewYork,Safari/537.36,2025-03-26 13:36:41.761446,0
218.41.129.35,POST,/login,admin' --,Safari/537.36,2025-03-26 13:49:03.761446,1
250.147.191.204,GET,/profile,admin' --,Safari/537.36,2025-03-26 13:31:57.761446,1
214.167.28.53,POST,/profile,name=JohnDoe,Mozilla/5.0,2025-03-26 13:17:47.761446,0
95.119.222.32,POST,/login,' OR 1=1; --,Opera/77.0.4054.254,2025-03-26 13:12:37.761446,1
104.253.98.18,POST,/profile,' OR 'a' = 'a,Safari/537.36,2025-03-26 13:18:43.761446,1
130.67.254.197,POST,/search,1' OR '1' = '1,Safari/537.36,2025-03-26 13:29:03.761446,1
186.134.50.243,POST,/search,' OR 1=1; --,Safari/537.36,2025-03-26 12:55:53.761446,1
240.62.35.209,GET,/login,"' UNION SELECT null, null, null --",Chrome/92.0.4515.159,2025-03-26 13:29:38.761446,1
143.37.39.41,POST,/profile,email=user@example.com,Safari/537.36,2025-03-26 12:56:17.761446,0
106.19.155.2,GET,/search,admin' --,Opera/77.0.4054.254,2025-03-26 13:09:37.761446,1
95.189.162.34,POST,/profile,"' UNION SELECT null, null, null --",Safari/537.36,2025-03-26 12:53:01.761446,1
13.167.69.119,POST,/admin,email=user@example.com,Mozilla/5.0,2025-03-26 13:33:46.761446,0
66.222.156.22,GET,/search,email=user@example.com,Safari/537.36,2025-03-26 13:38:06.761446,0
87.158.254.179,GET,/admin,'; DROP TABLE users; --,Safari/537.36,2025-03-26 13:40:08.761446,1
79.111.213.157,POST,/profile,city=NewYork,Opera/77.0.4054.254,2025-03-26 13:21:05.761446,0
137.251.75.114,GET,/search,' OR 1=1; --,Mozilla/5.0,2025-03-26 12:57:18.761446,1
69.147.186.93,GET,/admin,city=NewYork,Opera/77.0.4054.254,2025-03-26 13:15:21.761446,0
17.230.126.65,GET,/profile,password=123456,Opera/77.0.4054.254,2025-03-26 13:49:24.761446,0
252.33.152.247,POST,/profile,' OR 1=1; --,Safari/537.36,2025-03-26 13:00:13.761446,1
192.221.152.157,POST,/search,admin' --,Safari/537.36,2025-03-26 13:11:05.761446,1
201.47.129.145,GET,/profile,password=123456,Safari/537.36,2025-03-26 12:59:32.761446,0
117.169.53.75,POST,/search,'; DROP TABLE users; --,Chrome/92.0.4515.159,2025-03-26 13:02:57.761446,1
34.175.242.157,GET,/admin,' OR 1=1; --,Chrome/92.0.4515.159,2025-03-26 13:27:57.761446,1
105.245.70.99,POST,/profile,admin' --,Safari/537.36,2025-03-26 13:38:25.761446,1
217.210.196.113,POST,/profile,city=NewYork,Opera/77.0.4054.254,2025-03-26 13:11:47.761446,0
164.170.44.163,POST,/profile,'; DROP TABLE users; --,Opera/77.0.4054.254,2025-03-26 13:08:42.761446,1
179.225.24.7,GET,/login,email=user@example.com,Safari/537.36,2025-03-26 13:13:04.761446,0
77.75.175.170,GET,/login,name=JohnDoe,Chrome/92.0.4515.159,2025-03-26 13:29:52.761446,0
228.121.97.77,POST,/admin,'; DROP TABLE users; --,Chrome/92.0.4515.159,2025-03-26 13:13:34.761446,1
32.9.231.197,GET,/search,1' OR '1' = '1,Opera/77.0.4054.254,2025-03-26 13:45:17.761446,1
209.101.128.35,POST,/search,username=admin,Opera/77.0.4054.254,2025-03-26 13:48:03.761446,0
48.172.72.154,GET,/search,'; DROP TABLE users; --,Opera/77.0.4054.254,2025-03-26 13:42:16.761446,1
144.61.198.242,GET,/admin,password=123456,Safari/537.36,2025-03-26 13:20:00.761446,0
29.189.203.50,GET,/profile,"' UNION SELECT null, null, null --",Opera/77.0.4054.254,2025-03-26 13:17:41.761446,1
85.105.255.57,GET,/profile,password=123456,Mozilla/5.0,2025-03-26 13:30:13.761446,0
12.234.35.12,GET,/login,' OR 1=1; --,Safari/537.36,2025-03-26 13:21:46.761446,1
111.127.11.230,POST,/login,1' OR '1' = '1,Chrome/92.0.4515.159,2025-03-26 13:49:04.761446,1
184.169.66.153,POST,/profile,"' UNION SELECT null, null, null --",Opera/77.0.4054.254,2025-03-26 13:25:53.761446,1
29.135.28.140,POST,/admin,username=admin,Opera/77.0.4054.254,2025-03-26 13:09:14.761446,0
222.35.228.188,POST,/search,username=admin,Opera/77.0.4054.254,2025-03-26 13:43:33.761446,0
11.213.105.160,POST,/admin,'; DROP TABLE users; --,Safari/537.36,2025-03-26 12:56:23.761446,1
6.176.178.147,GET,/login,search=apple,Safari/537.36,2025-03-26 13:10:35.761446,0
104.210.24.82,GET,/login,' OR 1=1; --,Safari/537.36,2025-03-26 13:29:03.761446,1
41.149.132.55,GET,/login,'; DROP TABLE users; --,Opera/77.0.4054.254,2025-03-26 13:42:40.761446,1
120.117.6.90,POST,/admin,search=apple,Mozilla/5.0,2025-03-26 13:11:34.761446,0
43.150.67.2,GET,/search,search=apple,Mozilla/5.0,2025-03-26 13:09:52.761446,0
43.18.172.163,POST,/admin,' OR 'a' = 'a,Opera/77.0.4054.254,2025-03-26 13:47:45.761446,1
20.35.70.5,POST,/admin,username=admin,Chrome/92.0.4515.159,2025-03-26 13:17:07.761446,0
194.17.63.255,POST,/search,username=admin,Chrome/92.0.4515.159,2025-03-26 13:27:04.761446,0
54.250.33.115,GET,/search,"' UNION SELECT null, null, null --",Chrome/92.0.4515.159,2025-03-26 13:22:39.761446,1
139.119.130.122,GET,/login,password=123456,Mozilla/5.0,2025-03-26 13:47:53.761446,0
199.1.221.114,POST,/admin,password=123456,Safari/537.36,2025-03-26 12:59:22.761446,0
2.72.214.197,GET,/admin,1' OR '1' = '1,Chrome/92.0.4515.159,2025-03-26 13:21:00.761446,1
219.231.26.204,GET,/login,1' OR '1' = '1,Safari/537.36,2025-03-26 13:15:54.761446,1
152.224.135.42,GET,/search,city=NewYork,Safari/537.36,2025-03-26 12:57:19.761446,0
19.59.160.212,GET,/profile,name=JohnDoe,Mozilla/5.0,2025-03-26 13:19:10.761446,0
251.232.214.248,POST,/login,name=JohnDoe,Safari/537.36,2025-03-26 13:48:46.761446,0
8.77.191.185,POST,/search,1' OR '1' = '1,Mozilla/5.0,2025-03-26 13:49:26.761446,1
24.30.15.24,POST,/profile,email=user@example.com,Mozilla/5.0,2025-03-26 13:09:16.761446,0
50.187.210.125,GET,/login,name=JohnDoe,Chrome/92.0.4515.159,2025-03-26 13:35:04.761446,0
158.83.170.200,GET,/profile,search=apple,Opera/77.0.4054.254,2025-03-26 12:59:10.761446,0
5.93.115.236,GET,/profile,search=apple,Safari/537.36,2025-03-26 13:13:47.761446,0
230.42.92.178,GET,/profile,' OR 1=1; --,Chrome/92.0.4515.159,2025-03-26 13:17:31.761446,1
46.199.9.100,POST,/admin,"' UNION SELECT null, null, null --",Mozilla/5.0,2025-03-26 13:17:31.761446,1
141.139.113.37,GET,/login,' OR 'a' = 'a,Chrome/92.0.4515.159,2025-03-26 13:11:11.761446,1
44.241.103.207,GET,/login,password=123456,Opera/77.0.4054.254,2025-03-26 13:01:51.761446,0
20.246.72.204,POST,/admin,username=admin,Safari/537.36,2025-03-26 13:08:24.761446,0
146.229.100.47,GET,/profile,'; DROP TABLE users; --,Safari/537.36,2025-03-26 13:34:43.761446,1
132.106.27.107,GET,/login,admin' --,Safari/537.36,2025-03-26 13:32:16.761446,1
70.66.51.33,GET,/profile,' OR 1=1; --,Mozilla/5.0,2025-03-26 13:18:08.761446,1
38.73.76.253,POST,/login,email=user@example.com,Chrome/92.0.4515.159,2025-03-26 13:02:54.761446,0
135.207.68.195,GET,/search,city=NewYork,Chrome/92.0.4515.159,2025-03-26 13:33:12.761446,0
5.76.57.221,GET,/admin,'; DROP TABLE users; --,Opera/77.0.4054.254,2025-03-26 13:49:21.761446,1
117.238.216.216,POST,/login,'; DROP TABLE users; --,Opera/77.0.4054.254,2025-03-26 13:00:20.761446,1
66.44.65.87,POST,/login,"' UNION SELECT null, null, null --",Opera/77.0.4054.254,2025-03-26 13:29:21.761446,1
37.110.14.81,POST,/profile,admin' --,Chrome/92.0.4515.159,2025-03-26 12:58:32.761446,1
129.219.134.205,GET,/profile,admin' --,Mozilla/5.0,2025-03-26 13:31:09.761446,1
127.23.59.222,GET,/profile,password=123456,Safari/537.36,2025-03-26 13:26:12.761446,0
197.37.27.179,GET,/profile,' OR 1=1; --,Opera/77.0.4054.254,2025-03-26 13:43:10.761446,1
233.171.40.163,POST,/profile,'; DROP TABLE users; --,Chrome/92.0.4515.159,2025-03-26 13:19:06.761446,1
241.138.42.87,POST,/profile,admin' --,Chrome/92.0.4515.159,2025-03-26 13:37:44.761446,1
6.43.34.135,GET,/search,1' OR '1' = '1,Mozilla/5.0,2025-03-26 13:49:28.761446,1
71.93.156.127,POST,/profile,admin' --,Mozilla/5.0,2025-03-26 12:59:20.761446,1
103.35.7.122,POST,/admin,username=admin,Chrome/92.0.4515.159,2025-03-26 13:45:02.761446,0
215.238.124.151,GET,/profile,' OR 'a' = 'a,Opera/77.0.4054.254,2025-03-26 13:15:55.761446,1
8.236.251.91,GET,/search,password=123456,Mozilla/5.0,2025-03-26 13:33:02.761446,0
98.110.42.24,POST,/search,name=JohnDoe,Mozilla/5.0,2025-03-26 13:07:16.761446,0
25.179.13.230,GET,/search,' OR 'a' = 'a,Mozilla/5.0,2025-03-26 13:02:48.761446,1
101.173.215.47,GET,/admin,'; DROP TABLE users; --,Mozilla/5.0,2025-03-26 13:27:24.761446,1
19.42.76.29,POST,/profile,admin' --,Safari/537.36,2025-03-26 13:42:21.761446,1
195.147.65.183,POST,/admin,"' UNION SELECT null, null, null --",Safari/537.36,2025-03-26 13:15:04.761446,1
190.127.240.231,GET,/login,username=admin,Opera/77.0.4054.254,2025-03-26 13:00:55.761446,0
125.159.132.154,GET,/admin,city=NewYork,Chrome/92.0.4515.159,2025-03-26 13:46:19.761446,0
78.205.45.150,GET,/profile,"' UNION SELECT null, null, null --",Opera/77.0.4054.254,2025-03-26 13:45:39.761446,1
108.215.216.227,POST,/profile,1' OR '1' = '1,Safari/537.36,2025-03-26 13:45:02.761446,1
142.102.210.225,POST,/search,'; DROP TABLE users; --,Mozilla/5.0,2025-03-26 13:20:23.761446,1
131.196.239.247,POST,/profile,"' UNION SELECT null, null, null --",Safari/537.36,2025-03-26 13:01:45.761446,1
221.217.227.1,POST,/admin,admin' --,Safari/537.36,2025-03-26 13:32:25.761446,1
15.68.64.184,POST,/profile,name=JohnDoe,Mozilla/5.0,2025-03-26 13:19:34.761446,0
213.152.196.212,GET,/admin,' OR 1=1; --,Chrome/92.0.4515.159,2025-03-26 12:54:40.761446,1
140.236.39.161,GET,/admin,' OR 1=1; --,Opera/77.0.4054.254,2025-03-26 13:29:41.761446,1
171.99.180.215,GET,/login,username=admin,Chrome/92.0.4515.159,2025-03-26 13:22:31.761446,0
20.169.54.157,POST,/login,city=NewYork,Safari/537.36,2025-03-26 13:17:28.761446,0
2.43.165.255,GET,/admin,' OR 1=1; --,Mozilla/5.0,2025-03-26 13:10:05.761446,1
14.116.162.148,GET,/admin,admin' --,Opera/77.0.4054.254,2025-03-26 13:32:24.761446,1
24.243.105.179,POST,/login,password=123456,Mozilla/5.0,2025-03-26 13:19:57.761446,0
219.251.148.212,GET,/profile,' OR 'a' = 'a,Safari/537.36,2025-03-26 13:30:14.761446,1
188.226.148.111,GET,/admin,name=JohnDoe,Opera/77.0.4054.254,2025-03-26 12:54:47.761446,0
184.216.191.52,POST,/search,admin' --,Chrome/92.0.4515.159,2025-03-26 13:30:23.761446,1
151.231.36.212,GET,/admin,' OR 1=1; --,Safari/537.36,2025-03-26 13:25:47.761446,1
166.17.155.195,POST,/profile,email=user@example.com,Mozilla/5.0,2025-03-26 13:48:36.761446,0
202.55.133.31,POST,/search,username=admin,Safari/537.36,2025-03-26 13:27:49.761446,0
129.42.109.175,GET,/login,city=NewYork,Safari/537.36,2025-03-26 13:44:41.761446,0
124.105.148.79,POST,/profile,'; DROP TABLE users; --,Opera/77.0.4054.254,2025-03-26 13:26:19.761446,1
196.228.150.248,POST,/profile,search=apple,Opera/77.0.4054.254,2025-03-26 13:28:05.761446,0
218.57.99.77,GET,/admin,city=NewYork,Opera/77.0.4054.254,2025-03-26 13:41:54.761446,0
160.69.212.28,POST,/login,username=admin,Mozilla/5.0,2025-03-26 13:00:38.761446,0
78.227.41.137,GET,/search,admin' --,Safari/537.36,2025-03-26 13:17:28.761446,1
66.178.3.77,GET,/admin,' OR 1=1; --,Mozilla/5.0,2025-03-26 13:22:21.761446,1
216.53.247.118,POST,/admin,'; DROP TABLE users; --,Opera/77.0.4054.254,2025-03-26 12:54:31.761446,1
34.220.176.112,GET,/search,email=user@example.com,Safari/537.36,2025-03-26 13:35:55.761446,0
121.224.10.149,POST,/search,1' OR '1' = '1,Mozilla/5.0,2025-03-26 13:23:13.761446,1
189.51.130.235,GET,/admin,city=NewYork,Opera/77.0.4054.254,2025-03-26 13:20:14.761446,0
40.75.116.4,POST,/login,search=apple,Chrome/92.0.4515.159,2025-03-26 13:31:58.761446,0
126.110.77.20,GET,/admin,city=NewYork,Chrome/92.0.4515.159,2025-03-26 13:09:49.761446,0
157.31.124.240,GET,/login,admin' --,Opera/77.0.4054.254,2025-03-26 13:09:25.761446,1
57.181.132.158,POST,/login,name=JohnDoe,Chrome/92.0.4515.159,2025-03-26 13:50:10.761446,0
62.154.38.8,GET,/profile,' OR 'a' = 'a,Opera/77.0.4054.254,2025-03-26 13:19:58.761446,1
247.90.176.94,POST,/search,'; DROP TABLE users; --,Safari/537.36,2025-03-26 13:33:27.761446,1
91.15.154.85,POST,/admin,city=NewYork,Mozilla/5.0,2025-03-26 13:26:13.761446,0
199.49.54.192,GET,/admin,' OR 1=1; --,Opera/77.0.4054.254,2025-03-26 13:50:23.761446,1
82.39.228.48,POST,/admin,' OR 1=1; --,Chrome/92.0.4515.159,2025-03-26 13:40:02.761446,1
25.140.28.134,POST,/login,' OR 'a' = 'a,Mozilla/5.0,2025-03-26 13:37:21.761446,1
49.228.45.102,POST,/login,username=admin,Safari/537.36,2025-03-26 13:35:18.761446,0
98.229.184.231,GET,/search,city=NewYork,Opera/77.0.4054.254,2025-03-26 13:07:58.761446,0
45.156.173.49,POST,/admin,1' OR '1' = '1,Opera/77.0.4054.254,2025-03-26 13:42:28.761446,1
106.154.47.62,GET,/profile,search=apple,Chrome/92.0.4515.159,2025-03-26 13:07:54.761446,0
46.6.204.174,POST,/profile,'; DROP TABLE users; --,Chrome/92.0.4515.159,2025-03-26 13:45:30.761446,1
236.185.41.24,POST,/admin,1' OR '1' = '1,Mozilla/5.0,2025-03-26 12:55:10.761446,1
78.104.239.139,GET,/admin,admin' --,Opera/77.0.4054.254,2025-03-26 13:11:54.761446,1
170.140.132.82,POST,/search,' OR 'a' = 'a,Safari/537.36,2025-03-26 13:02:04.761446,1
130.72.173.189,GET,/login,password=123456,Safari/537.36,2025-03-26 13:43:34.761446,0
165.2.240.43,POST,/admin,search=apple,Chrome/92.0.4515.159,2025-03-26 13:02:15.761446,0
168.174.149.69,POST,/profile,city=NewYork,Mozilla/5.0,2025-03-26 13:17:16.761446,0
98.87.95.226,POST,/profile,"' UNION SELECT null, null, null --",Mozilla/5.0,2025-03-26 12:55:38.761446,1
186.218.109.251,POST,/search,' OR 1=1; --,Safari/537.36,2025-03-26 13:06:00.761446,1
30.150.175.83,POST,/search,admin' --,Mozilla/5.0,2025-03-26 13:21:21.761446,1
28.25.67.155,POST,/login,admin' --,Opera/77.0.4054.254,2025-03-26 13:34:17.761446,1
64.147.106.98,POST,/admin,city=NewYork,Mozilla/5.0,2025-03-26 13:26:10.761446,0
202.158.104.95,GET,/login,admin' --,Mozilla/5.0,2025-03-26 13:38:51.761446,1
181.85.177.232,GET,/profile,"' UNION SELECT null, null, null --",Mozilla/5.0,2025-03-26 13:44:46.761446,1
139.156.66.222,GET,/profile,' OR 1=1; --,Chrome/92.0.4515.159,2025-03-26 13:40:57.761446,1
132.153.77.187,GET,/admin,search=apple,Safari/537.36,2025-03-26 13:38:14.761446,0
181.110.157.114,GET,/admin,'; DROP TABLE users; --,Chrome/92.0.4515.159,2025-03-26 13:18:32.761446,1
81.57.163.242,GET,/login,search=apple,Mozilla/5.0,2025-03-26 13:32:55.761446,0
180.215.126.39,GET,/login,' OR 'a' = 'a,Safari/537.36,2025-03-26 12:55:24.761446,1
194.113.238.25,GET,/search,name=JohnDoe,Chrome/92.0.4515.159,2025-03-26 13:04:09.761446,0
121.32.10.118,POST,/profile,' OR 1=1; --,Chrome/92.0.4515.159,2025-03-26 13:34:02.761446,1
126.70.166.87,POST,/search,' OR 1=1; --,Chrome/92.0.4515.159,2025-03-26 13:43:10.761446,1
96.203.146.181,GET,/admin,admin' --,Safari/537.36,2025-03-26 13:14:38.761446,1
97.28.249.122,GET,/login,admin' --,Chrome/92.0.4515.159,2025-03-26 13:38:47.761446,1
66.109.248.197,GET,/search,name=JohnDoe,Safari/537.36,2025-03-26 12:57:50.761446,0
124.113.95.104,GET,/search,admin' --,Safari/537.36,2025-03-26 12:52:49.761446,1
154.217.71.216,GET,/search,' OR 1=1; --,Opera/77.0.4054.254,2025-03-26 13:32:06.761446,1
245.42.218.79,POST,/search,"' UNION SELECT null, null, null --",Opera/77.0.4054.254,2025-03-26 13:44:40.761446,1
230.179.231.182,GET,/search,name=JohnDoe,Mozilla/5.0,2025-03-26 12:52:53.761446,0
27.1.164.71,POST,/profile,email=user@example.com,Mozilla/5.0,2025-03-26 12:51:21.761446,0
56.164.10.194,GET,/profile,username=admin,Safari/537.36,2025-03-26 13:07:39.761446,0
195.18.23.73,GET,/profile,admin' --,Safari/537.36,2025-03-26 13:36:39.761446,1
125.1.211.180,GET,/search,"' UNION SELECT null, null, null --",Mozilla/5.0,2025-03-26 13:38:40.761446,1
109.27.1.99,POST,/login,city=NewYork,Safari/537.36,2025-03-26 13:40:09.761446,0
183.54.154.153,POST,/search,email=user@example.com,Opera/77.0.4054.254,2025-03-26 13:40:36.761446,0
199.208.208.2,POST,/admin,admin' --,Chrome/92.0.4515.159,2025-03-26 13:41:15.761446,1
241.138.14.140,POST,/admin,"' UNION SELECT null, null, null --",Safari/537.36,2025-03-26 13:11:23.761446,1
125.150.45.169,POST,/search,city=NewYork,Opera/77.0.4054.254,2025-03-26 13:33:27.761446,0
226.240.127.155,POST,/search,' OR 1=1; --,Chrome/92.0.4515.159,2025-03-26 12:53:52.761446,1
91.64.41.1,POST,/profile,' OR 'a' = 'a,Mozilla/5.0,2025-03-26 12:52:22.761446,1
171.80.133.22,POST,/search,1' OR '1' = '1,Safari/537.36,2025-03-26 13:43:52.761446,1
134.77.192.81,POST,/admin,' OR 'a' = 'a,Mozilla/5.0,2025-03-26 12:53:25.761446,1
172.243.151.222,GET,/login,' OR 1=1; --,Mozilla/5.0,2025-03-26 13:31:00.761446,1
60.178.140.219,GET,/admin,1' OR '1' = '1,Mozilla/5.0,2025-03-26 13:38:14.761446,1
115.209.171.147,POST,/admin,search=apple,Mozilla/5.0,2025-03-26 13:42:13.761446,0
22.191.125.215,POST,/admin,city=NewYork,Opera/77.0.4054.254,2025-03-26 13:32:06.761446,0
67.163.184.114,POST,/admin,email=user@example.com,Safari/537.36,2025-03-26 13:07:58.761446,0
25.106.191.128,GET,/profile,email=user@example.com,Safari/537.36,2025-03-26 12:59:31.761446,0
101.81.22.252,GET,/profile,'; DROP TABLE users; --,Chrome/92.0.4515.159,2025-03-26 13:43:16.761446,1
60.202.132.79,GET,/admin,admin' --,Chrome/92.0.4515.159,2025-03-26 13:20:26.761446,1
120.115.129.95,GET,/profile,"' UNION SELECT null, null, null --",Chrome/92.0.4515.159,2025-03-26 13:01:53.761446,1
47.76.20.193,GET,/admin,name=JohnDoe,Mozilla/5.0,2025-03-26 13:38:53.761446,0
139.150.245.179,POST,/profile,city=NewYork,Mozilla/5.0,2025-03-26 13:17:26.761446,0
79.219.57.117,GET,/search,city=NewYork,Safari/537.36,2025-03-26 13:24:43.761446,0
240.6.43.33,POST,/admin,'; DROP TABLE users; --,Safari/537.36,2025-03-26 13:23:26.761446,1
206.234.249.83,POST,/login,city=NewYork,Safari/537.36,2025-03-26 13:33:29.761446,0
201.94.114.221,GET,/profile,1' OR '1' = '1,Safari/537.36,2025-03-26 12:53:52.761446,1
219.29.60.58,POST,/admin,search=apple,Opera/77.0.4054.254,2025-03-26 13:40:37.761446,0
148.244.120.104,GET,/search,1' OR '1' = '1,Safari/537.36,2025-03-26 13:33:45.761446,1
80.67.112.84,GET,/admin,password=123456,Safari/537.36,2025-03-26 13:28:19.761446,0
55.59.141.204,POST,/login,' OR 'a' = 'a,Opera/77.0.4054.254,2025-03-26 13:26:35.761446,1
85.147.160.182,GET,/login,search=apple,Safari/537.36,2025-03-26 13:16:22.761446,0
72.154.114.121,GET,/search,email=user@example.com,Chrome/92.0.4515.159,2025-03-26 13:42:56.761446,0
32.164.206.252,POST,/login,' OR 1=1; --,Chrome/92.0.4515.159,2025-03-26 13:40:53.761446,1
22.69.101.70,POST,/admin,email=user@example.com,Mozilla/5.0,2025-03-26 13:19:37.761446,0
185.5.167.98,GET,/search,"' UNION SELECT null, null, null --",Chrome/92.0.4515.159,2025-03-26 13:26:53.761446,1
207.202.10.200,GET,/login,city=NewYork,Opera/77.0.4054.254,2025-03-26 13:44:55.761446,0
200.107.38.166,GET,/search,"' UNION SELECT null, null, null --",Safari/537.36,2025-03-26 13:43:42.761446,1
111.197.131.220,POST,/admin,password=123456,Safari/537.36,2025-03-26 13:12:40.761446,0
213.218.77.3,GET,/admin,username=admin,Opera/77.0.4054.254,2025-03-26 13:00:35.761446,0
220.84.71.120,GET,/admin,' OR 'a' = 'a,Safari/537.36,2025-03-26 13:36:06.761446,1
81.106.237.190,GET,/search,username=admin,Opera/77.0.4054.254,2025-03-26 13:02:36.761446,0
66.107.206.148,GET,/search,username=admin,Chrome/92.0.4515.159,2025-03-26 13:43:09.761446,0
107.238.242.144,GET,/profile,1' OR '1' = '1,Safari/537.36,2025-03-26 13:34:49.761446,1
140.57.50.200,GET,/profile,admin' --,Safari/537.36,2025-03-26 13:32:27.761446,1
251.163.7.246,POST,/login,"' UNION SELECT null, null, null --",Chrome/92.0.4515.159,2025-03-26 13:02:54.761446,1
166.150.223.23,POST,/admin,admin' --,Safari/537.36,2025-03-26 13:45:12.761446,1
178.199.59.129,GET,/login,'; DROP TABLE users; --,Chrome/92.0.4515.159,2025-03-26 13:42:07.761446,1
202.210.243.98,GET,/admin,' OR 1=1; --,Safari/537.36,2025-03-26 13:13:44.761446,1
127.196.254.88,POST,/login,1' OR '1' = '1,Chrome/92.0.4515.159,2025-03-26 13:22:40.761446,1
29.234.150.39,GET,/search,name=JohnDoe,Chrome/92.0.4515.159,2025-03-26 13:02:05.761446,0
208.142.59.228,POST,/profile,'; DROP TABLE users; --,Opera/77.0.4054.254,2025-03-26 12:54:53.761446,1
129.59.201.137,POST,/search,' OR 'a' = 'a,Mozilla/5.0,2025-03-26 13:19:56.761446,1
178.193.19.56,GET,/admin,search=apple,Safari/537.36,2025-03-26 13:46:50.761446,0
65.221.236.244,GET,/search,' OR 1=1; --,Opera/77.0.4054.254,2025-03-26 12:56:43.761446,1
207.149.61.161,POST,/profile,'; DROP TABLE users; --,Chrome/92.0.4515.159,2025-03-26 13:11:48.761446,1
143.111.173.17,GET,/search,city=NewYork,Safari/537.36,2025-03-26 13:07:46.761446,0
133.231.142.163,POST,/profile,search=apple,Chrome/92.0.4515.159,2025-03-26 13:32:38.761446,0
154.64.229.123,POST,/admin,username=admin,Safari/537.36,2025-03-26 13:27:04.761446,0
143.78.56.137,POST,/admin,search=apple,Chrome/92.0.4515.159,2025-03-26 12:58:20.761446,0
75.3.219.69,POST,/search,1' OR '1' = '1,Chrome/92.0.4515.159,2025-03-26 13:22:52.761446,1
142.81.58.249,GET,/profile,password=123456,Safari/537.36,2025-03-26 13:49:12.761446,0
192.254.252.42,GET,/search,'; DROP TABLE users; --,Chrome/92.0.4515.159,2025-03-26 13:32:57.761446,1
188.87.175.44,POST,/search,admin' --,Chrome/92.0.4515.159,2025-03-26 13:16:13.761446,1
9.160.191.160,GET,/admin,1' OR '1' = '1,Chrome/92.0.4515.159,2025-03-26 13:18:31.761446,1
102.40.174.157,POST,/login,' OR 1=1; --,Mozilla/5.0,2025-03-26 13:19:54.761446,1
197.42.103.121,POST,/search,"' UNION SELECT null, null, null --",Safari/537.36,2025-03-26 12:52:50.761446,1
158.44.153.102,POST,/profile,name=JohnDoe,Safari/537.36,2025-03-26 12:54:22.761446,0
154.11.187.103,GET,/admin,username=admin,Chrome/92.0.4515.159,2025-03-26 13:21:40.761446,0
201.63.106.120,POST,/search,"' UNION SELECT null, null, null --",Chrome/92.0.4515.159,2025-03-26 13:47:04.761446,1
11.111.249.88,GET,/search,' OR 1=1; --,Mozilla/5.0,2025-03-26 12:52:44.761446,1
180.180.49.90,POST,/login,city=NewYork,Mozilla/5.0,2025-03-26 13:45:02.761446,0
3.70.124.235,POST,/login,1' OR '1' = '1,Opera/77.0.4054.254,2025-03-26 13:22:17.761446,1
130.149.137.48,POST,/profile,1' OR '1' = '1,Opera/77.0.4054.254,2025-03-26 13:34:39.761446,1
35.1.179.212,GET,/admin,'; DROP TABLE users; --,Opera/77.0.4054.254,2025-03-26 13:07:09.761446,1
14.223.139.214,GET,/admin,'; DROP TABLE users; --,Opera/77.0.4054.254,2025-03-26 13:12:11.761446,1
246.24.212.204,GET,/admin,' OR 1=1; --,Opera/77.0.4054.254,2025-03-26 13:20:23.761446,1
42.89.159.25,GET,/admin,email=user@example.com,Mozilla/5.0,2025-03-26 12:53:39.761446,0
8.148.255.200,GET,/search,admin' --,Chrome/92.0.4515.159,2025-03-26 13:01:31.761446,1
36.220.178.177,GET,/admin,search=apple,Mozilla/5.0,2025-03-26 13:41:29.761446,0
214.128.132.209,POST,/search,name=JohnDoe,Mozilla/5.0,2025-03-26 13:28:01.761446,0
125.158.137.121,GET,/search,"' UNION SELECT null, null, null --",Safari/537.36,2025-03-26 13:06:15.761446,1
96.74.190.238,GET,/profile,password=123456,Opera/77.0.4054.254,2025-03-26 13:45:54.761446,0
3.36.247.90,GET,/search,username=admin,Opera/77.0.4054.254,2025-03-26 13:12:20.761446,0
80.107.52.24,GET,/search,name=JohnDoe,Safari/537.36,2025-03-26 13:20:16.761446,0
129.82.219.17,GET,/admin,name=JohnDoe,Mozilla/5.0,2025-03-26 13:49:04.761446,0
65.134.243.45,GET,/login,' OR 1=1; --,Opera/77.0.4054.254,2025-03-26 13:28:43.761446,1
123.159.252.95,POST,/login,'; DROP TABLE users; --,Safari/537.36,2025-03-26 12:57:09.761446,1
50.241.163.36,GET,/profile,city=NewYork,Opera/77.0.4054.254,2025-03-26 12:56:09.761446,0
178.58.203.220,GET,/admin,city=NewYork,Chrome/92.0.4515.159,2025-03-26 13:07:41.761446,0
26.226.25.89,GET,/admin,' OR 'a' = 'a,Opera/77.0.4054.254,2025-03-26 13:09:28.761446,1
48.227.37.96,GET,/search,'; DROP TABLE users; --,Mozilla/5.0,2025-03-26 13:35:16.761446,1
111.227.178.33,GET,/profile,password=123456,Opera/77.0.4054.254,2025-03-26 13:45:09.761446,0
176.62.194.48,POST,/login,admin' --,Mozilla/5.0,2025-03-26 12:52:33.761446,1
120.133.179.105,GET,/search,admin' --,Safari/537.36,2025-03-26 13:08:54.761446,1
37.33.224.237,GET,/login,admin' --,Safari/537.36,2025-03-26 13:22:20.761446,1
151.131.163.246,GET,/login,search=apple,Safari/537.36,2025-03-26 13:41:09.761446,0
71.178.120.193,POST,/search,"' UNION SELECT null, null, null --",Mozilla/5.0,2025-03-26 13:21:09.761446,1
120.236.56.245,GET,/search,search=apple,Mozilla/5.0,2025-03-26 13:24:51.761446,0
25.122.189.222,POST,/search,1' OR '1' = '1,Mozilla/5.0,2025-03-26 13:26:19.761446,1
227.248.1.34,POST,/login,search=apple,Chrome/92.0.4515.159,2025-03-26 13:49:18.761446,0
113.45.60.242,GET,/admin,' OR 'a' = 'a,Safari/537.36,2025-03-26 13:03:11.761446,1
163.190.127.250,POST,/login,username=admin,Mozilla/5.0,2025-03-26 12:58:53.761446,0
234.8.110.112,POST,/login,admin' --,Opera/77.0.4054.254,2025-03-26 13:37:44.761446,1
108.131.18.98,POST,/admin,"' UNION SELECT null, null, null --",Chrome/92.0.4515.159,2025-03-26 13:41:30.761446,1
83.117.97.156,GET,/profile,admin' --,Opera/77.0.4054.254,2025-03-26 13:40:39.761446,1
163.129.4.182,GET,/admin,password=123456,Chrome/92.0.4515.159,2025-03-26 13:49:36.761446,0
10.11.146.56,GET,/login,search=apple,Safari/537.36,2025-03-26 13:06:17.761446,0
160.71.10.62,POST,/search,' OR 'a' = 'a,Opera/77.0.4054.254,2025-03-26 13:38:35.761446,1
65.230.41.60,POST,/search,' OR 1=1; --,Opera/77.0.4054.254,2025-03-26 12:58:32.761446,1
144.107.116.143,GET,/profile,' OR 'a' = 'a,Safari/537.36,2025-03-26 13:41:41.761446,1
163.204.237.136,POST,/login,name=JohnDoe,Opera/77.0.4054.254,2025-03-26 13:48:28.761446,0
123.128.181.93,GET,/login,city=NewYork,Mozilla/5.0,2025-03-26 13:11:52.761446,0
24.139.44.166,POST,/login,1' OR '1' = '1,Mozilla/5.0,2025-03-26 12:55:35.761446,1
97.73.147.55,GET,/login,admin' --,Mozilla/5.0,2025-03-26 13:45:13.761446,1
97.194.226.122,POST,/login,"' UNION SELECT null, null, null --",Chrome/92.0.4515.159,2025-03-26 13:44:27.761446,1
191.49.225.193,POST,/profile,password=123456,Opera/77.0.4054.254,2025-03-26 13:29:43.761446,0
5.191.160.135,POST,/admin,admin' --,Mozilla/5.0,2025-03-26 13:42:31.761446,1
1.210.0.3,POST,/admin,city=NewYork,Opera/77.0.4054.254,2025-03-26 13:47:32.761446,0
8.16.170.251,GET,/profile,city=NewYork,Chrome/92.0.4515.159,2025-03-26 13:21:21.761446,0
32.87.77.143,GET,/admin,name=JohnDoe,Safari/537.36,2025-03-26 13:40:38.761446,0
34.184.142.169,GET,/admin,name=JohnDoe,Chrome/92.0.4515.159,2025-03-26 13:33:39.761446,0
136.112.189.228,GET,/profile,1' OR '1' = '1,Chrome/92.0.4515.159,2025-03-26 13:02:27.761446,1
105.255.221.117,POST,/admin,1' OR '1' = '1,Mozilla/5.0,2025-03-26 13:35:44.761446,1
114.227.59.50,GET,/search,city=NewYork,Mozilla/5.0,2025-03-26 13:43:08.761446,0
149.132.50.159,POST,/login,name=JohnDoe,Chrome/92.0.4515.159,2025-03-26 13:44:21.761446,0
166.77.29.43,GET,/search,' OR 1=1; --,Safari/537.36,2025-03-26 13:23:47.761446,1
187.231.98.70,GET,/profile,email=user@example.com,Opera/77.0.4054.254,2025-03-26 13:23:29.761446,0
205.84.204.119,POST,/login,name=JohnDoe,Opera/77.0.4054.254,2025-03-26 13:36:01.761446,0
94.35.144.84,GET,/login,"' UNION SELECT null, null, null --",Chrome/92.0.4515.159,2025-03-26 12:59:29.761446,1
51.220.131.154,POST,/search,search=apple,Opera/77.0.4054.254,2025-03-26 13:02:02.761446,0
141.133.59.187,GET,/search,email=user@example.com,Opera/77.0.4054.254,2025-03-26 13:26:57.761446,0
188.143.80.254,GET,/login,'; DROP TABLE users; --,Chrome/92.0.4515.159,2025-03-26 13:08:01.761446,1
1.245.155.117,GET,/profile,password=123456,Chrome/92.0.4515.159,2025-03-26 12:57:29.761446,0
84.54.239.216,POST,/admin,password=123456,Chrome/92.0.4515.159,2025-03-26 13:35:27.761446,0
245.210.2.141,POST,/search,"' UNION SELECT null, null, null --",Mozilla/5.0,2025-03-26 13:02:49.761446,1
196.152.178.189,GET,/search,email=user@example.com,Chrome/92.0.4515.159,2025-03-26 12:50:40.761446,0
38.250.129.96,GET,/search,' OR 1=1; --,Mozilla/5.0,2025-03-26 13:35:32.761446,1
223.119.249.41,GET,/admin,admin' --,Opera/77.0.4054.254,2025-03-26 13:07:24.761446,1
99.20.210.77,POST,/admin,password=123456,Chrome/92.0.4515.159,2025-03-26 13:25:35.761446,0
161.241.246.222,POST,/profile,' OR 1=1; --,Mozilla/5.0,2025-03-26 13:32:35.761446,1
221.208.246.137,GET,/admin,' OR 1=1; --,Safari/537.36,2025-03-26 13:17:45.761446,1
64.54.250.235,POST,/login,'; DROP TABLE users; --,Mozilla/5.0,2025-03-26 13:10:42.761446,1
180.244.219.69,GET,/profile,city=NewYork,Safari/537.36,2025-03-26 13:28:01.761446,0
153.202.249.56,GET,/login,username=admin,Opera/77.0.4054.254,2025-03-26 13:15:14.761446,0
149.63.73.46,POST,/search,' OR 'a' = 'a,Mozilla/5.0,2025-03-26 13:05:24.761446,1
223.15.123.96,GET,/search,password=123456,Safari/537.36,2025-03-26 13:09:25.761446,0
124.137.151.167,POST,/admin,username=admin,Opera/77.0.4054.254,2025-03-26 13:33:19.761446,0
128.89.244.222,POST,/profile,"' UNION SELECT null, null, null --",Safari/537.36,2025-03-26 13:06:26.761446,1
39.228.151.234,GET,/admin,email=user@example.com,Chrome/92.0.4515.159,2025-03-26 13:15:43.761446,0
121.80.124.193,POST,/admin,search=apple,Mozilla/5.0,2025-03-26 13:03:41.761446,0
15.201.64.184,POST,/search,admin' --,Chrome/92.0.4515.159,2025-03-26 13:30:39.761446,1
239.222.20.242,POST,/login,email=user@example.com,Opera/77.0.4054.254,2025-03-26 13:15:26.761446,0
108.171.208.63,GET,/login,password=123456,Chrome/92.0.4515.159,2025-03-26 13:03:54.761446,0
235.253.111.170,POST,/login,admin' --,Opera/77.0.4054.254,2025-03-26 13:07:00.761446,1
238.160.56.99,GET,/search,city=NewYork,Opera/77.0.4054.254,2025-03-26 13:35:08.761446,0
135.93.206.140,GET,/admin,' OR 'a' = 'a,Safari/537.36,2025-03-26 12:55:24.761446,1
121.74.9.27,POST,/login,"' UNION SELECT null, null, null --",Opera/77.0.4054.254,2025-03-26 13:37:58.761446,1
165.74.3.19,GET,/profile,"' UNION SELECT null, null, null --",Opera/77.0.4054.254,2025-03-26 13:04:04.761446,1
245.117.174.231,POST,/login,"' UNION SELECT null, null, null --",Opera/77.0.4054.254,2025-03-26 13:34:42.761446,1
43.58.199.10,GET,/admin,' OR 'a' = 'a,Chrome/92.0.4515.159,2025-03-26 13:37:15.761446,1
30.252.190.101,GET,/profile,city=NewYork,Chrome/92.0.4515.159,2025-03-26 13:05:04.761446,0
60.16.105.245,POST,/admin,' OR 'a' = 'a,Chrome/92.0.4515.159,2025-03-26 13:11:53.761446,1
184.86.223.177,GET,/login,' OR 1=1; --,Mozilla/5.0,2025-03-26 13:06:51.761446,1
124.1.17.129,POST,/search,admin' --,Mozilla/5.0,2025-03-26 13:21:33.761446,1
168.20.145.200,POST,/admin,password=123456,Mozilla/5.0,2025-03-26 13:36:53.761446,0
85.4.89.163,POST,/search,password=123456,Mozilla/5.0,2025-03-26 13:21:39.761446,0
76.190.192.69,POST,/search,"' UNION SELECT null, null, null --",Opera/77.0.4054.254,2025-03-26 13:41:25.761446,1
116.206.52.80,POST,/admin,'; DROP TABLE users; --,Opera/77.0.4054.254,2025-03-26 13:16:38.761446,1
248.10.204.47,POST,/login,password=123456,Opera/77.0.4054.254,2025-03-26 12:51:18.761446,0
128.224.81.43,GET,/login,1' OR '1' = '1,Safari/537.36,2025-03-26 13:35:16.761446,1
242.221.149.182,GET,/login,email=user@example.com,Safari/537.36,2025-03-26 13:14:15.761446,0
83.250.81.150,GET,/search,1' OR '1' = '1,Safari/537.36,2025-03-26 13:46:29.761446,1
31.255.104.31,GET,/admin,' OR 'a' = 'a,Chrome/92.0.4515.159,2025-03-26 13:37:58.761446,1
83.232.122.82,GET,/profile,email=user@example.com,Safari/537.36,2025-03-26 13:34:28.761446,0
139.46.63.153,GET,/admin,' OR 'a' = 'a,Chrome/92.0.4515.159,2025-03-26 13:18:20.761446,1
165.155.112.206,POST,/profile,"' UNION SELECT null, null, null --",Mozilla/5.0,2025-03-26 12:57:04.761446,1
159.92.75.143,GET,/admin,' OR 'a' = 'a,Chrome/92.0.4515.159,2025-03-26 13:41:02.761446,1
254.124.10.121,GET,/search,' OR 1=1; --,Chrome/92.0.4515.159,2025-03-26 13:17:16.761446,1
122.60.191.83,POST,/login,username=admin,Opera/77.0.4054.254,2025-03-26 12:55:38.761446,0
113.68.42.124,GET,/admin,admin' --,Opera/77.0.4054.254,2025-03-26 13:13:46.761446,1
231.233.117.159,GET,/login,name=JohnDoe,Mozilla/5.0,2025-03-26 12:51:47.761446,0
176.98.10.179,POST,/search,admin' --,Chrome/92.0.4515.159,2025-03-26 13:44:15.761446,1
208.155.176.248,GET,/admin,' OR 'a' = 'a,Chrome/92.0.4515.159,2025-03-26 12:52:40.761446,1
184.164.48.255,GET,/login,"' UNION SELECT null, null, null --",Opera/77.0.4054.254,2025-03-26 13:44:11.761446,1
11.113.185.95,GET,/profile,' OR 1=1; --,Opera/77.0.4054.254,2025-03-26 13:50:27.761446,1
76.236.29.74,GET,/search,email=user@example.com,Opera/77.0.4054.254,2025-03-26 13:34:59.761446,0
108.109.175.27,GET,/admin,search=apple,Opera/77.0.4054.254,2025-03-26 13:16:31.761446,0
83.64.254.246,GET,/admin,admin' --,Mozilla/5.0,2025-03-26 13:45:52.761446,1
51.93.162.151,GET,/profile,admin' --,Opera/77.0.4054.254,2025-03-26 13:10:09.761446,1
76.216.171.137,POST,/profile,email=user@example.com,Opera/77.0.4054.254,2025-03-26 13:08:59.761446,0
54.15.19.95,POST,/profile,password=123456,Chrome/92.0.4515.159,2025-03-26 13:42:52.761446,0
5.75.243.151,GET,/profile,search=apple,Mozilla/5.0,2025-03-26 13:26:54.761446,0
120.142.12.171,GET,/admin,"' UNION SELECT null, null, null --",Mozilla/5.0,2025-03-26 13:06:49.761446,1
33.146.96.118,GET,/search,search=apple,Opera/77.0.4054.254,2025-03-26 13:21:17.761446,0
6.137.223.247,POST,/profile,username=admin,Chrome/92.0.4515.159,2025-03-26 13:20:27.761446,0
109.245.200.232,POST,/profile,email=user@example.com,Safari/537.36,2025-03-26 13:38:14.761446,0
202.119.149.208,POST,/admin,username=admin,Opera/77.0.4054.254,2025-03-26 13:22:58.761446,0
187.83.189.165,POST,/admin,name=JohnDoe,Opera/77.0.4054.254,2025-03-26 13:34:32.761446,0
117.5.165.32,GET,/search,"' UNION SELECT null, null, null --",Safari/537.36,2025-03-26 13:22:06.761446,1
124.93.54.185,GET,/search,'; DROP TABLE users; --,Mozilla/5.0,2025-03-26 13:33:15.761446,1
85.126.116.91,POST,/profile,username=admin,Chrome/92.0.4515.159,2025-03-26 12:51:32.761446,0
16.221.174.106,GET,/admin,"' UNION SELECT null, null, null --",Chrome/92.0.4515.159,2025-03-26 13:49:36.761446,1
252.62.188.78,POST,/search,email=user@example.com,Mozilla/5.0,2025-03-26 12:54:03.761446,0
203.104.242.41,GET,/profile,' OR 'a' = 'a,Mozilla/5.0,2025-03-26 13:07:34.761446,1
97.13.103.76,POST,/search,password=123456,Chrome/92.0.4515.159,2025-03-26 13:48:10.761446,0
180.62.52.186,POST,/admin,admin' --,Chrome/92.0.4515.159,2025-03-26 13:25:45.761446,1
195.172.130.107,POST,/login,"' UNION SELECT null, null, null --",Safari/537.36,2025-03-26 13:26:36.761446,1
251.175.80.111,POST,/login,'; DROP TABLE users; --,Chrome/92.0.4515.159,2025-03-26 13:14:43.761446,1
1.32.198.54,POST,/admin,'; DROP TABLE users; --,Opera/77.0.4054.254,2025-03-26 12:50:30.761446,1
189.40.222.97,POST,/login,city=NewYork,Mozilla/5.0,2025-03-26 13:19:48.761446,0
198.166.103.109,POST,/admin,username=admin,Safari/537.36,2025-03-26 13:34:30.761446,0
32.211.104.179,POST,/profile,name=JohnDoe,Opera/77.0.4054.254,2025-03-26 13:01:51.761446,0
68.61.126.206,GET,/login,'; DROP TABLE users; --,Safari/537.36,2025-03-26 13:38:57.761446,1
242.50.64.163,POST,/search,email=user@example.com,Chrome/92.0.4515.159,2025-03-26 12:59:16.761446,0
98.41.245.25,GET,/login,1' OR '1' = '1,Opera/77.0.4054.254,2025-03-26 13:31:25.761446,1
113.214.101.48,GET,/login,password=123456,Opera/77.0.4054.254,2025-03-26 13:19:31.761446,0
187.41.52.196,POST,/login,password=123456,Chrome/92.0.4515.159,2025-03-26 13:41:23.761446,0
177.221.230.55,GET,/profile,"' UNION SELECT null, null, null --",Mozilla/5.0,2025-03-26 13:24:04.761446,1
149.139.231.19,GET,/search,1' OR '1' = '1,Mozilla/5.0,2025-03-26 13:20:04.761446,1
105.8.91.200,POST,/search,"' UNION SELECT null, null, null --",Safari/537.36,2025-03-26 13:04:24.761446,1
141.98.179.42,GET,/login,"' UNION SELECT null, null, null --",Mozilla/5.0,2025-03-26 13:12:18.761446,1
30.63.113.235,POST,/search,'; DROP TABLE users; --,Safari/537.36,2025-03-26 13:19:07.761446,1
239.51.93.212,POST,/profile,email=user@example.com,Mozilla/5.0,2025-03-26 12:53:30.761446,0
104.132.30.145,GET,/login,' OR 'a' = 'a,Chrome/92.0.4515.159,2025-03-26 13:00:19.761446,1
120.131.220.186,GET,/login,email=user@example.com,Safari/537.36,2025-03-26 13:35:39.761446,0
108.103.31.146,GET,/admin,'; DROP TABLE users; --,Mozilla/5.0,2025-03-26 13:49:42.761446,1
173.96.90.244,POST,/login,password=123456,Opera/77.0.4054.254,2025-03-26 13:08:57.761446,0
171.17.61.102,GET,/admin,email=user@example.com,Opera/77.0.4054.254,2025-03-26 13:16:24.761446,0
241.186.131.93,GET,/search,name=JohnDoe,Safari/537.36,2025-03-26 13:17:11.761446,0
46.146.20.27,GET,/login,1' OR '1' = '1,Chrome/92.0.4515.159,2025-03-26 13:22:12.761446,1
29.156.117.229,GET,/search,"' UNION SELECT null, null, null --",Mozilla/5.0,2025-03-26 13:22:03.761446,1
62.54.74.65,POST,/admin,1' OR '1' = '1,Mozilla/5.0,2025-03-26 13:03:05.761446,1
141.151.37.239,GET,/profile,email=user@example.com,Safari/537.36,2025-03-26 13:13:53.761446,0
23.110.228.163,GET,/search,password=123456,Opera/77.0.4054.254,2025-03-26 13:13:22.761446,0
143.81.109.237,POST,/profile,password=123456,Chrome/92.0.4515.159,2025-03-26 13:26:08.761446,0
86.82.114.44,GET,/login,' OR 'a' = 'a,Mozilla/5.0,2025-03-26 13:28:48.761446,1
107.49.113.52,POST,/search,' OR 1=1; --,Chrome/92.0.4515.159,2025-03-26 13:35:19.761446,1
157.20.38.54,POST,/admin,'; DROP TABLE users; --,Chrome/92.0.4515.159,2025-03-26 13:16:05.761446,1
6.173.76.89,POST,/login,1' OR '1' = '1,Safari/537.36,2025-03-26 13:47:00.761446,1
100.23.184.108,GET,/login,1' OR '1' = '1,Mozilla/5.0,2025-03-26 13:35:24.761446,1
179.24.137.198,POST,/login,"' UNION SELECT null, null, null --",Safari/537.36,2025-03-26 13:11:12.761446,1
170.46.159.224,GET,/login,'; DROP TABLE users; --,Chrome/92.0.4515.159,2025-03-26 13:24:30.761446,1
122.91.11.32,POST,/search,username=admin,Mozilla/5.0,2025-03-26 13:36:56.761446,0
63.107.71.123,POST,/admin,name=JohnDoe,Chrome/92.0.4515.159,2025-03-26 13:09:15.761446,0
91.163.90.136,GET,/admin,username=admin,Safari/537.36,2025-03-26 13:50:05.761446,0
65.194.164.102,POST,/admin,' OR 'a' = 'a,Mozilla/5.0,2025-03-26 13:21:36.761446,1
36.208.40.101,POST,/login,password=123456,Opera/77.0.4054.254,2025-03-26 13:14:40.761446,0
241.152.11.123,POST,/admin,'; DROP TABLE users; --,Safari/537.36,2025-03-26 12:55:28.761446,1
210.212.21.180,POST,/search,' OR 1=1; --,Opera/77.0.4054.254,2025-03-26 13:48:14.761446,1
86.217.219.29,GET,/login,1' OR '1' = '1,Safari/537.36,2025-03-26 13:03:56.761446,1
110.183.180.6,POST,/admin,' OR 'a' = 'a,Opera/77.0.4054.254,2025-03-26 12:54:16.761446,1
201.216.175.187,GET,/admin,1' OR '1' = '1,Opera/77.0.4054.254,2025-03-26 13:02:41.761446,1
243.187.71.13,GET,/login,search=apple,Opera/77.0.4054.254,2025-03-26 13:21:04.761446,0
202.36.248.124,POST,/profile,"' UNION SELECT null, null, null --",Safari/537.36,2025-03-26 13:41:34.761446,1
96.70.230.97,POST,/profile,"' UNION SELECT null, null, null --",Safari/537.36,2025-03-26 13:14:13.761446,1
188.154.64.194,POST,/profile,admin' --,Safari/537.36,2025-03-26 13:01:41.761446,1
112.239.194.1,GET,/profile,"' UNION SELECT null, null, null --",Opera/77.0.4054.254,2025-03-26 13:35:13.761446,1
110.12.179.96,GET,/profile,' OR 'a' = 'a,Mozilla/5.0,2025-03-26 12:51:15.761446,1
80.179.252.165,POST,/profile,' OR 1=1; --,Safari/537.36,2025-03-26 13:18:20.761446,1
31.127.97.233,GET,/login,"' UNION SELECT null, null, null --",Mozilla/5.0,2025-03-26 13:19:02.761446,1
40.161.124.20,POST,/profile,' OR 'a' = 'a,Safari/537.36,2025-03-26 13:11:38.761446,1
169.198.162.50,POST,/search,password=123456,Mozilla/5.0,2025-03-26 13:02:47.761446,0
189.49.11.56,POST,/admin,city=NewYork,Safari/537.36,2025-03-26 12:52:41.761446,0
53.29.249.234,POST,/login,' OR 'a' = 'a,Safari/537.36,2025-03-26 13:24:22.761446,1
252.100.21.47,POST,/admin,1' OR '1' = '1,Mozilla/5.0,2025-03-26 13:28:05.761446,1
147.238.112.228,POST,/login,' OR 'a' = 'a,Opera/77.0.4054.254,2025-03-26 13:35:58.761446,1
54.85.25.212,POST,/search,"' UNION SELECT null, null, null --",Chrome/92.0.4515.159,2025-03-26 12:51:04.761446,1
210.3.68.223,POST,/admin,email=user@example.com,Safari/537.36,2025-03-26 13:09:57.761446,0
111.248.69.67,GET,/search,search=apple,Mozilla/5.0,2025-03-26 13:47:11.761446,0
39.90.164.56,POST,/admin,password=123456,Mozilla/5.0,2025-03-26 13:44:21.761446,0
219.164.140.126,GET,/profile,city=NewYork,Safari/537.36,2025-03-26 13:25:46.761446,0
241.4.74.125,POST,/search,' OR 1=1; --,Chrome/92.0.4515.159,2025-03-26 13:35:05.761446,1
113.107.40.74,POST,/profile,admin' --,Chrome/92.0.4515.159,2025-03-26 13:31:40.761446,1
255.85.35.91,POST,/profile,1' OR '1' = '1,Opera/77.0.4054.254,2025-03-26 12:56:57.761446,1
88.126.78.52,POST,/login,' OR 'a' = 'a,Mozilla/5.0,2025-03-26 13:08:00.761446,1
84.97.16.151,POST,/profile,"' UNION SELECT null, null, null --",Safari/537.36,2025-03-26 13:07:40.761446,1
21.103.219.169,GET,/login,admin' --,Opera/77.0.4054.254,2025-03-26 13:26:08.761446,1
62.146.87.94,GET,/profile,1' OR '1' = '1,Chrome/92.0.4515.159,2025-03-26 13:08:52.761446,1
74.113.188.71,POST,/profile,city=NewYork,Mozilla/5.0,2025-03-26 12:53:49.761446,0
13.64.216.223,POST,/login,'; DROP TABLE users; --,Mozilla/5.0,2025-03-26 13:36:23.761446,1
46.121.232.222,GET,/profile,'; DROP TABLE users; --,Chrome/92.0.4515.159,2025-03-26 12:56:44.761446,1
215.175.89.226,POST,/admin,city=NewYork,Chrome/92.0.4515.159,2025-03-26 13:42:38.761446,0
244.38.240.112,GET,/profile,email=user@example.com,Chrome/92.0.4515.159,2025-03-26 13:24:56.761446,0
93.102.17.242,GET,/login,"' UNION SELECT null, null, null --",Opera/77.0.4054.254,2025-03-26 13:14:30.761446,1
114.29.152.146,POST,/search,email=user@example.com,Safari/537.36,2025-03-26 13:41:18.761446,0
240.123.192.87,POST,/profile,admin' --,Safari/537.36,2025-03-26 13:45:43.761446,1
4.167.137.148,GET,/admin,admin' --,Safari/537.36,2025-03-26 13:18:33.761446,1
48.36.93.108,POST,/search,username=admin,Mozilla/5.0,2025-03-26 13:37:50.761446,0
243.211.195.88,GET,/admin,' OR 1=1; --,Mozilla/5.0,2025-03-26 12:56:10.761446,1
53.13.106.101,GET,/admin,"' UNION SELECT null, null, null --",Chrome/92.0.4515.159,2025-03-26 13:21:41.761446,1
184.91.92.183,GET,/admin,search=apple,Mozilla/5.0,2025-03-26 12:58:21.761446,0
242.122.137.65,GET,/login,' OR 'a' = 'a,Chrome/92.0.4515.159,2025-03-26 12:54:34.761446,1
100.81.55.143,POST,/login,1' OR '1' = '1,Mozilla/5.0,2025-03-26 13:30:28.761446,1
23.112.207.210,POST,/admin,'; DROP TABLE users; --,Chrome/92.0.4515.159,2025-03-26 13:24:10.761446,1
153.60.218.69,POST,/profile,'; DROP TABLE users; --,Chrome/92.0.4515.159,2025-03-26 13:17:45.761446,1
52.79.47.174,GET,/search,'; DROP TABLE users; --,Opera/77.0.4054.254,2025-03-26 13:29:05.761446,1
231.86.45.66,GET,/admin,admin' --,Chrome/92.0.4515.159,2025-03-26 13:31:23.761446,1
77.50.241.97,GET,/profile,search=apple,Chrome/92.0.4515.159,2025-03-26 13:34:18.761446,0
22.171.27.232,GET,/login,"' UNION SELECT null, null, null --",Mozilla/5.0,2025-03-26 13:47:52.761446,1
184.152.123.13,GET,/search,1' OR '1' = '1,Chrome/92.0.4515.159,2025-03-26 13:15:03.761446,1
117.176.53.173,POST,/search,city=NewYork,Mozilla/5.0,2025-03-26 13:08:42.761446,0
174.206.126.242,POST,/admin,city=NewYork,Opera/77.0.4054.254,2025-03-26 13:41:38.761446,0
240.157.236.199,POST,/profile,1' OR '1' = '1,Opera/77.0.4054.254,2025-03-26 13:13:07.761446,1
52.107.52.49,POST,/admin,city=NewYork,Mozilla/5.0,2025-03-26 13:46:23.761446,0
172.206.182.155,POST,/admin,city=NewYork,Chrome/92.0.4515.159,2025-03-26 13:04:12.761446,0
223.169.53.29,GET,/search,email=user@example.com,Opera/77.0.4054.254,2025-03-26 13:30:43.761446,0
216.62.11.109,POST,/admin,' OR 1=1; --,Safari/537.36,2025-03-26 13:44:28.761446,1
131.219.205.186,POST,/profile,'; DROP TABLE users; --,Chrome/92.0.4515.159,2025-03-26 13:46:39.761446,1
218.58.194.134,POST,/search,'; DROP TABLE users; --,Opera/77.0.4054.254,2025-03-26 13:18:40.761446,1
179.186.137.56,GET,/profile,admin' --,Chrome/92.0.4515.159,2025-03-26 13:18:13.761446,1
241.30.62.53,POST,/search,'; DROP TABLE users; --,Chrome/92.0.4515.159,2025-03-26 13:28:11.761446,1
165.43.229.249,GET,/login,search=apple,Safari/537.36,2025-03-26 13:47:42.761446,0
154.140.120.81,GET,/login,"' UNION SELECT null, null, null --",Chrome/92.0.4515.159,2025-03-26 13:37:40.761446,1
11.109.16.232,POST,/login,' OR 1=1; --,Mozilla/5.0,2025-03-26 12:52:58.761446,1
217.151.26.76,POST,/profile,search=apple,Safari/537.36,2025-03-26 12:51:06.761446,0
166.6.200.103,GET,/search,admin' --,Mozilla/5.0,2025-03-26 13:32:30.761446,1
216.34.240.134,POST,/admin,username=admin,Mozilla/5.0,2025-03-26 13:28:30.761446,0
180.10.240.193,GET,/search,'; DROP TABLE users; --,Chrome/92.0.4515.159,2025-03-26 13:11:48.761446,1
81.43.170.171,GET,/admin,email=user@example.com,Opera/77.0.4054.254,2025-03-26 12:53:41.761446,0
246.83.39.143,GET,/profile,' OR 1=1; --,Chrome/92.0.4515.159,2025-03-26 13:04:40.761446,1
217.144.147.51,POST,/admin,"' UNION SELECT null, null, null --",Mozilla/5.0,2025-03-26 13:49:51.761446,1
23.107.177.212,GET,/profile,'; DROP TABLE users; --,Mozilla/5.0,2025-03-26 13:35:14.761446,1
172.28.11.251,POST,/admin,admin' --,Safari/537.36,2025-03-26 13:04:54.761446,1
249.45.66.225,GET,/login,password=123456,Safari/537.36,2025-03-26 12:55:57.761446,0
40.76.189.203,POST,/login,password=123456,Opera/77.0.4054.254,2025-03-26 13:49:32.761446,0
91.249.212.8,GET,/login,city=NewYork,Opera/77.0.4054.254,2025-03-26 13:21:54.761446,0
85.230.98.31,POST,/login,username=admin,Mozilla/5.0,2025-03-26 13:37:29.761446,0
254.213.31.170,GET,/admin,'; DROP TABLE users; --,Opera/77.0.4054.254,2025-03-26 12:53:14.761446,1
151.46.179.198,GET,/admin,name=JohnDoe,Safari/537.36,2025-03-26 12:57:09.761446,0
22.75.15.47,POST,/admin,email=user@example.com,Mozilla/5.0,2025-03-26 13:37:38.761446,0
96.129.93.138,GET,/admin,' OR 1=1; --,Chrome/92.0.4515.159,2025-03-26 13:41:17.761446,1
37.99.50.237,GET,/login,' OR 1=1; --,Chrome/92.0.4515.159,2025-03-26 13:15:18.761446,1
143.136.223.127,POST,/login,admin' --,Chrome/92.0.4515.159,2025-03-26 13:09:05.761446,1
134.124.38.143,POST,/admin,' OR 'a' = 'a,Chrome/92.0.4515.159,2025-03-26 13:45:20.761446,1
51.196.42.60,GET,/profile,admin' --,Mozilla/5.0,2025-03-26 13:37:06.761446,1
186.139.250.207,GET,/search,' OR 'a' = 'a,Opera/77.0.4054.254,2025-03-26 12:58:44.761446,1
160.186.103.89,POST,/search,' OR 1=1; --,Chrome/92.0.4515.159,2025-03-26 13:19:50.761446,1
48.17.59.51,GET,/login,username=admin,Chrome/92.0.4515.159,2025-03-26 13:25:06.761446,0
99.248.50.30,POST,/search,password=123456,Mozilla/5.0,2025-03-26 13:36:51.761446,0
27.8.67.210,POST,/search,search=apple,Opera/77.0.4054.254,2025-03-26 12:55:27.761446,0
114.104.93.106,GET,/login,city=NewYork,Safari/537.36,2025-03-26 13:30:21.761446,0
30.145.37.68,POST,/search,search=apple,Safari/537.36,2025-03-26 13:03:24.761446,0
253.199.220.119,GET,/profile,' OR 1=1; --,Safari/537.36,2025-03-26 13:16:49.761446,1
37.109.142.117,POST,/profile,search=apple,Opera/77.0.4054.254,2025-03-26 13:41:34.761446,0
43.222.109.159,GET,/login,"' UNION SELECT null, null, null --",Mozilla/5.0,2025-03-26 13:10:52.761446,1
189.3.209.218,GET,/search,' OR 'a' = 'a,Mozilla/5.0,2025-03-26 13:42:41.761446,1
86.175.79.166,GET,/search,password=123456,Mozilla/5.0,2025-03-26 12:54:03.761446,0
175.107.241.159,GET,/admin,admin' --,Opera/77.0.4054.254,2025-03-26 13:37:40.761446,1
134.98.173.80,POST,/admin,'; DROP TABLE users; --,Mozilla/5.0,2025-03-26 13:49:35.761446,1
57.142.18.193,GET,/login,username=admin,Mozilla/5.0,2025-03-26 13:17:41.761446,0
226.70.126.251,GET,/login,1' OR '1' = '1,Mozilla/5.0,2025-03-26 13:42:09.761446,1
222.177.160.43,GET,/profile,' OR 1=1; --,Safari/537.36,2025-03-26 13:40:29.761446,1
218.117.210.147,POST,/search,password=123456,Chrome/92.0.4515.159,2025-03-26 13:43:01.761446,0
43.155.220.125,GET,/profile,'; DROP TABLE users; --,Chrome/92.0.4515.159,2025-03-26 13:42:41.761446,1
107.185.199.233,POST,/admin,city=NewYork,Safari/537.36,2025-03-26 13:49:33.761446,0
170.44.231.84,POST,/login,password=123456,Mozilla/5.0,2025-03-26 13:42:28.761446,0
196.1.47.64,GET,/profile,' OR 'a' = 'a,Safari/537.36,2025-03-26 13:02:52.761446,1
92.162.194.44,GET,/profile,password=123456,Chrome/92.0.4515.159,2025-03-26 13:25:37.761446,0
217.239.215.24,POST,/admin,1' OR '1' = '1,Opera/77.0.4054.254,2025-03-26 13:06:31.761446,1
134.253.92.19,POST,/admin,name=JohnDoe,Mozilla/5.0,2025-03-26 13:40:33.761446,0
55.142.48.138,POST,/profile,email=user@example.com,Chrome/92.0.4515.159,2025-03-26 13:43:39.761446,0
243.50.40.59,POST,/admin,search=apple,Opera/77.0.4054.254,2025-03-26 13:05:21.761446,0
6.60.196.127,POST,/profile,search=apple,Safari/537.36,2025-03-26 13:42:25.761446,0
25.89.36.82,POST,/search,search=apple,Mozilla/5.0,2025-03-26 13:10:56.761446,0
178.40.235.116,GET,/profile,email=user@example.com,Chrome/92.0.4515.159,2025-03-26 13:24:15.761446,0
218.126.224.226,GET,/profile,city=NewYork,Opera/77.0.4054.254,2025-03-26 13:41:50.761446,0
183.64.243.91,GET,/login,' OR 'a' = 'a,Mozilla/5.0,2025-03-26 13:16:47.761446,1
6.5.57.55,POST,/search,email=user@example.com,Mozilla/5.0,2025-03-26 13:26:14.761446,0
23.70.168.225,GET,/admin,city=NewYork,Safari/537.36,2025-03-26 13:47:12.761446,0
167.39.53.129,POST,/login,'; DROP TABLE users; --,Mozilla/5.0,2025-03-26 12:56:52.761446,1
96.245.158.126,GET,/login,password=123456,Opera/77.0.4054.254,2025-03-26 13:00:37.761446,0
183.252.208.13,GET,/admin,"' UNION SELECT null, null, null --",Mozilla/5.0,2025-03-26 12:57:26.761446,1
89.205.234.20,GET,/search,search=apple,Chrome/92.0.4515.159,2025-03-26 13:42:41.761446,0
158.168.82.136,GET,/search,'; DROP TABLE users; --,Safari/537.36,2025-03-26 12:55:53.761446,1
113.173.217.50,GET,/profile,search=apple,Safari/537.36,2025-03-26 13:29:33.761446,0
35.114.93.8,POST,/login,username=admin,Chrome/92.0.4515.159,2025-03-26 13:47:31.761446,0
103.253.204.110,GET,/profile,name=JohnDoe,Mozilla/5.0,2025-03-26 13:40:36.761446,0
111.211.203.80,GET,/login,name=JohnDoe,Mozilla/5.0,2025-03-26 13:19:54.761446,0
73.81.29.114,POST,/admin,'; DROP TABLE users; --,Mozilla/5.0,2025-03-26 13:20:43.761446,1
3.13.157.70,GET,/admin,city=NewYork,Chrome/92.0.4515.159,2025-03-26 13:22:55.761446,0
16.76.220.218,POST,/login,name=JohnDoe,Mozilla/5.0,2025-03-26 13:11:29.761446,0
43.215.126.240,GET,/profile,"' UNION SELECT null, null, null --",Opera/77.0.4054.254,2025-03-26 13:20:00.761446,1
139.104.112.151,GET,/profile,' OR 1=1; --,Opera/77.0.4054.254,2025-03-26 13:41:13.761446,1
163.78.242.36,GET,/admin,search=apple,Safari/537.36,2025-03-26 12:50:29.761446,0
149.182.152.142,POST,/admin,search=apple,Mozilla/5.0,2025-03-26 12:55:58.761446,0
174.4.49.65,POST,/login,name=JohnDoe,Opera/77.0.4054.254,2025-03-26 12:58:58.761446,0
155.124.11.212,POST,/profile,email=user@example.com,Opera/77.0.4054.254,2025-03-26 12:51:31.761446,0
48.57.88.38,POST,/login,search=apple,Chrome/92.0.4515.159,2025-03-26 13:41:02.761446,0
140.186.147.180,GET,/admin,email=user@example.com,Opera/77.0.4054.254,2025-03-26 12:57:17.761446,0
140.174.90.236,POST,/admin,' OR 1=1; --,Chrome/92.0.4515.159,2025-03-26 13:47:42.761446,1
212.216.171.59,POST,/profile,search=apple,Mozilla/5.0,2025-03-26 13:43:24.761446,0
196.221.25.63,GET,/search,name=JohnDoe,Chrome/92.0.4515.159,2025-03-26 13:15:58.761446,0
80.216.32.179,POST,/admin,username=admin,Mozilla/5.0,2025-03-26 13:47:37.761446,0
192.39.95.34,GET,/admin,email=user@example.com,Safari/537.36,2025-03-26 13:47:31.761446,0
87.233.107.104,POST,/admin,' OR 'a' = 'a,Opera/77.0.4054.254,2025-03-26 13:45:04.761446,1
90.44.96.95,GET,/admin,city=NewYork,Mozilla/5.0,2025-03-26 13:24:52.761446,0
115.185.26.48,POST,/admin,password=123456,Mozilla/5.0,2025-03-26 13:24:00.761446,0
206.146.197.89,GET,/search,'; DROP TABLE users; --,Chrome/92.0.4515.159,2025-03-26 13:31:17.761446,1
45.203.223.93,POST,/search,' OR 'a' = 'a,Chrome/92.0.4515.159,2025-03-26 13:29:01.761446,1
199.61.65.86,GET,/login,'; DROP TABLE users; --,Chrome/92.0.4515.159,2025-03-26 13:16:33.761446,1
142.223.134.106,GET,/search,admin' --,Opera/77.0.4054.254,2025-03-26 13:33:11.761446,1
128.73.78.110,GET,/search,' OR 'a' = 'a,Safari/537.36,2025-03-26 13:17:00.761446,1
191.242.105.245,GET,/profile,1' OR '1' = '1,Mozilla/5.0,2025-03-26 13:45:27.761446,1
185.174.131.195,POST,/profile,admin' --,Safari/537.36,2025-03-26 13:39:23.761446,1
50.124.89.162,POST,/search,username=admin,Safari/537.36,2025-03-26 13:28:31.761446,0
157.211.255.16,GET,/admin,"' UNION SELECT null, null, null --",Chrome/92.0.4515.159,2025-03-26 13:38:49.761446,1
66.137.182.122,POST,/admin,search=apple,Safari/537.36,2025-03-26 12:57:28.761446,0
123.142.42.172,GET,/profile,admin' --,Safari/537.36,2025-03-26 13:16:20.761446,1
